window,asset,mode,trade_no,side,buy_iso,buy_s2c,buy_px,sell_iso,sell_s2c,sell_px,result,reason,lowest_bid_held,fees_c,net_c,run_net_c,minute_in_market,spread_c,side_mid_c,dir30_c,dir60_c,range60_c,ticks60,open_side_mid_c,open_seen_s2c,open_lean_c,spot_px,strike,spot_dist_pct,spot_chg30_pct,spot_chg60_pct,btc_chg60_pct,open_positions,cycle_bought_before,prev_result_same_asset
KXBTC15M-26OCT021100-00,BTC,PAPER,1,YES,2026-10-02T14:51:25.718647+00:00,514.3,50,,,0,no,settled,0,18,-518,-518,6,1,49.5,,,,0,,,,,,,,,,0,0,none yet
KXETH15M-26OCT021100-00,ETH,PAPER,1,YES,2026-10-02T14:51:26.749222+00:00,513.3,48,,,0,no,settled,0,18,-498,-1016,6,1,47.5,,,0.0,1,47.5,513.3,2.5,2724.0,2724.99,-0.0363,,,,2,2,none yet
KXSOL15M-26OCT021100-00,SOL,PAPER,1,YES,2026-10-02T14:51:25.718876+00:00,514.3,49,,,0,no,settled,0,18,-508,-1524,6,1,48.5,,,,0,,,,,,,,,,1,1,none yet
KXSOL15M-26OCT021115-15,SOL,PAPER,1,NO,2026-10-02T15:00:34.750511+00:00,865.3,50,2026-10-02T15:03:47.749268+00:00,672.3,72,,sold,44,33,187,-1337,0,2,49.0,4.5,,5.5,20,45.5,869.3,4.5,120.66,120.672,0.0099,0.0083,0.0166,0.0152,1,1,loss
KXXRP15M-26OCT021115-15,XRP,PAPER,1,NO,2026-10-02T15:01:04.750985+00:00,835.3,49,2026-10-02T15:04:41.749128+00:00,618.3,73,,sold,34,32,208,-1129,1,2,48.0,6.5,6.5,12.5,41,39.5,864.2,10.5,1.5124,1.513,0.0397,0.0727,0.0595,-0.0567,4,4,none yet
KXETH15M-26OCT021115-15,ETH,PAPER,1,NO,2026-10-02T15:00:15.399083+00:00,884.6,49,2026-10-02T15:04:45.749729+00:00,614.3,72,,sold,37,33,197,-932,0,2,48.0,,,3.0,15,,,,2710.06,2709.78,-0.0103,0.0118,-0.0162,0.0663,2,0,none yet
KXBTC15M-26OCT021115-15,BTC,PAPER,1,NO,2026-10-02T15:00:50.750928+00:00,849.3,48,2026-10-02T15:04:45.751186+00:00,614.2,73,,sold,41,32,218,-714,0,1,47.5,9.0,,11.0,46,38.5,879.3,11.5,85672.03,85666.06,-0.007,0.0678,-0.0278,0.0278,3,3,loss
KXDOGE15M-26OCT021115-15,DOGE,PAPER,1,NO,2026-10-02T15:00:45.769139+00:00,854.2,50,2026-10-02T15:04:45.751969+00:00,614.2,72,,sold,38,33,187,-527,0,3,48.5,0.0,,17.0,14,,,,,,,,,0.0536,2,2,none yet
KXDOGE15M-26OCT021130-30,DOGE,PAPER,1,NO,2026-10-02T15:15:45.756546+00:00,854.2,49,2026-10-02T15:16:49.749864+00:00,790.3,73,,sold,47,32,208,-319,0,1,48.5,8.0,,13.0,41,40.0,870.2,10.0,0.0953,0.0954,0.0367,0.1048,0.0105,-0.0428,2,2,win
KXSOL15M-26OCT021130-30,SOL,PAPER,1,NO,2026-10-02T15:15:31.751586+00:00,868.2,48,2026-10-02T15:16:52.750373+00:00,787.2,72,,sold,47,33,207,-112,0,1,47.5,,,13.0,29,44.5,870.3,5.5,120.19,120.216,0.0216,-0.0,0.025,0.0219,0,0,win
KXBTC15M-26OCT021130-30,BTC,PAPER,1,NO,2026-10-02T15:15:39.751456+00:00,860.2,49,2026-10-02T15:16:55.750550+00:00,784.2,72,,sold,46,33,197,85,0,1,48.5,9.0,,15.0,27,48.5,860.2,1.5,85607.15,85602.81,-0.0051,0.067,0.0007,-0.0007,1,1,win
KXXRP15M-26OCT021130-30,XRP,PAPER,1,NO,2026-10-02T15:15:46.751936+00:00,853.2,49,2026-10-02T15:22:43.750672+00:00,436.2,72,,sold,35,33,197,282,0,1,48.5,10.0,,12.0,39,38.5,865.2,11.5,1.5122,1.5126,0.0264,0.1585,-0.0,-0.0431,3,3,win
KXETH15M-26OCT021130-30,ETH,PAPER,1,YES,2026-10-02T15:19:07.783380+00:00,652.2,49,,,0,no,settled,0,18,-508,-226,4,2,48.0,3.5,10.0,11.5,60,45.5,855.2,4.5,2705.58,2706.3,-0.0266,0.0144,0.0695,0.0789,1,4,win
KXXRP15M-26OCT021145-45,XRP,PAPER,1,NO,2026-10-02T15:30:32.512638+00:00,867.5,50,2026-10-02T15:32:31.750843+00:00,748.2,72,,sold,43,33,187,-39,0,1,49.5,,,12.0,25,,,,1.5109,1.511,0.0066,0.0066,-0.0662,0.0626,0,0,win
KXBTC15M-26OCT021145-45,BTC,PAPER,1,NO,2026-10-02T15:30:37.581026+00:00,862.4,49,2026-10-02T15:39:43.749002+00:00,316.3,72,,sold,36,33,197,158,0,1,48.5,2.0,,13.0,25,,,,85512.38,85456.87,-0.065,-0.0538,-0.0955,0.0955,3,3,win
KXSOL15M-26OCT021145-45,SOL,PAPER,1,YES,2026-10-02T15:30:42.620461+00:00,857.4,50,2026-10-02T15:42:49.749504+00:00,130.3,74,,sold,3,32,208,366,0,1,49.5,-4.0,,13.0,25,,,,120.05,120.0712,-0.0177,-0.0083,0.05,0.0725,4,4,win
KXDOGE15M-26OCT021145-45,DOGE,PAPER,1,YES,2026-10-02T15:30:32.513725+00:00,867.5,49,2026-10-02T15:43:05.749536+00:00,114.3,74,,sold,3,32,218,584,0,1,48.5,,,10.5,25,,,,0.0951,0.0952,-0.0715,-0.021,0.0631,0.0626,1,1,win
KXETH15M-26OCT021145-45,ETH,PAPER,1,YES,2026-10-02T15:30:34.751357+00:00,865.3,50,,,0,no,settled,0,18,-518,66,0,1,49.5,-1.5,,13.0,33,45.5,872.3,4.5,2701.69,2702.4,-0.0263,-0.0204,0.0544,0.1178,2,2,loss
KXDOGE15M-26OCT021200-00,DOGE,PAPER,1,YES,2026-10-02T15:45:33.751006+00:00,866.2,50,2026-10-02T15:50:01.750296+00:00,598.2,74,,sold,36,32,208,274,0,1,49.5,-5.5,,6.5,24,56.0,868.3,6.0,,,,,,0.0244,2,2,win
KXETH15M-26OCT021200-00,ETH,PAPER,1,YES,2026-10-02T15:45:26.061516+00:00,873.9,50,2026-10-02T15:50:07.750629+00:00,592.2,72,,sold,33,33,187,461,0,1,49.5,,,5.5,21,,,,2695.87,2696.23,-0.0134,0.0186,0.0093,0.0525,1,1,loss
KXXRP15M-26OCT021200-00,XRP,PAPER,1,NO,2026-10-02T15:45:22.750826+00:00,877.3,48,2026-10-02T15:54:36.750754+00:00,323.2,73,,sold,26,32,218,679,0,1,47.5,,,15.0,23,46.5,878.3,3.5,1.5052,1.5057,0.0332,0.0266,0.0199,0.0279,0,0,win
KXBTC15M-26OCT021200-00,BTC,PAPER,1,NO,2026-10-02T15:45:37.750924+00:00,862.3,49,2026-10-02T15:54:42.749857+00:00,317.3,73,,sold,22,32,208,887,0,1,48.5,3.0,,8.0,38,44.5,878.3,5.5,85315.09,85322.87,0.0091,0.0261,-0.0112,0.0112,3,3,win
KXSOL15M-26OCT021200-00,SOL,PAPER,1,NO,2026-10-02T15:45:41.187365+00:00,858.8,48,2026-10-02T15:55:21.749461+00:00,278.3,74,,sold,17,32,228,1115,0,1,47.5,-1.0,,16.5,20,,,,119.85,119.9357,0.0715,0.025,0.0167,-0.0131,4,4,win
KXBTC15M-26OCT021215-15,BTC,PAPER,1,NO,2026-10-02T16:07:54.751435+00:00,425.2,50,2026-10-02T16:10:40.750770+00:00,259.2,72,,sold,32,33,187,1302,7,1,49.5,25.0,18.0,26.0,61,41.5,859.3,8.5,85260.47,85274.11,0.016,0.1128,0.099,-0.099,1,1,win
KXETH15M-26OCT021215-15,ETH,PAPER,1,NO,2026-10-02T16:00:46.750875+00:00,853.3,48,2026-10-02T16:11:11.749830+00:00,228.3,73,,sold,10,32,218,1520,0,1,47.5,6.0,,11.0,27,45.5,854.3,4.5,2696.29,2696.22,-0.0026,0.0256,-0.0067,0.0361,0,0,win
KXXRP15M-26OCT021215-15,XRP,PAPER,1,NO,2026-10-02T16:08:04.751015+00:00,415.3,49,2026-10-02T16:11:28.749952+00:00,211.3,73,,sold,24,32,208,1728,8,1,48.5,23.0,20.0,27.0,61,43.5,834.3,6.5,1.5061,1.5061,-0.0,0.1061,0.1127,-0.1141,4,4,win
KXSOL15M-26OCT021215-15,SOL,PAPER,1,NO,2026-10-02T16:08:01.750995+00:00,418.3,49,2026-10-02T16:11:41.748945+00:00,198.3,72,,sold,21,33,197,1925,8,1,48.5,22.0,18.0,27.0,60,40.0,870.3,10.0,119.91,119.923,0.0108,0.1166,0.0833,-0.1063,3,3,win
KXDOGE15M-26OCT021215-15,DOGE,PAPER,1,NO,2026-10-02T16:07:59.751640+00:00,420.3,48,2026-10-02T16:11:47.749549+00:00,192.3,73,,sold,22,32,218,2143,7,2,47.0,22.5,17.5,24.5,60,42.5,854.3,7.5,,,,,,-0.0785,2,2,win
KXETH15M-26OCT021230-30,ETH,PAPER,1,NO,2026-10-02T16:23:12.750691+00:00,407.3,50,2026-10-02T16:24:20.749701+00:00,339.3,73,,sold,48,32,198,2341,8,1,49.5,15.0,33.0,33.0,61,38.5,870.3,11.5,2693.86,2694.45,0.0219,0.0746,0.1705,-0.1101,2,2,win
KXXRP15M-26OCT021230-30,XRP,PAPER,1,NO,2026-10-02T16:23:38.751900+00:00,381.2,49,2026-10-02T16:24:41.749355+00:00,318.3,72,,sold,39,33,197,2538,8,2,48.0,18.5,27.0,29.5,60,39.5,865.3,10.5,1.5057,1.5059,0.0133,0.0995,0.1658,-0.0806,4,4,win
KXBTC15M-26OCT021230-30,BTC,PAPER,1,NO,2026-10-02T16:15:39.750002+00:00,860.3,48,2026-10-02T16:26:56.749948+00:00,183.3,73,,sold,18,32,218,2756,0,1,47.5,3.0,,9.0,11,47.5,860.3,2.5,85208.77,85192.21,-0.0194,0.0073,-0.0049,0.0049,0,0,win
KXSOL15M-26OCT021230-30,SOL,PAPER,1,NO,2026-10-02T16:23:30.751007+00:00,389.3,48,2026-10-02T16:27:06.749258+00:00,173.3,74,,sold,27,32,228,2984,8,2,47.0,16.5,12.0,23.5,60,39.5,855.3,10.5,120.02,120.0417,0.0181,0.0916,0.0749,-0.0305,3,3,win
KXDOGE15M-26OCT021230-30,DOGE,PAPER,1,NO,2026-10-02T16:15:48.750981+00:00,851.3,48,2026-10-02T16:29:41.748860+00:00,18.3,73,,sold,2,32,218,3202,0,1,47.5,5.0,,13.0,44,42.5,885.3,7.5,0.0951,0.0951,-0.0179,-0.0,-0.0105,0.0185,1,1,win
KXSOL15M-26OCT021245-45,SOL,PAPER,1,NO,2026-10-02T16:30:27.751019+00:00,872.3,49,2026-10-02T16:37:21.748870+00:00,458.3,72,,sold,41,33,197,3399,0,2,48.0,,,6.0,11,48.0,872.3,2.0,119.93,119.9665,0.0304,0.025,0.0083,0.0199,1,1,win
KXBTC15M-26OCT021245-45,BTC,PAPER,1,NO,2026-10-02T16:31:34.751254+00:00,805.3,50,2026-10-02T16:38:01.750149+00:00,418.2,72,,sold,36,33,187,3586,1,1,49.5,7.0,7.0,11.0,58,39.5,862.3,10.5,85176.0,85181.71,0.0067,0.0425,0.0488,-0.0488,4,4,win
KXDOGE15M-26OCT021245-45,DOGE,PAPER,1,NO,2026-10-02T16:30:47.814163+00:00,852.2,50,2026-10-02T16:38:42.749596+00:00,377.3,72,,sold,39,33,187,3773,0,1,49.5,0.0,,9.0,9,,,,,,,,,0.0618,2,2,win
KXXRP15M-26OCT021245-45,XRP,PAPER,1,NO,2026-10-02T16:31:28.751265+00:00,811.3,49,2026-10-02T16:38:49.750507+00:00,370.2,74,,sold,31,32,218,3991,1,1,48.5,4.5,7.0,14.0,59,44.5,882.2,5.5,1.5036,1.5041,0.0332,0.0332,0.0465,0.0,3,3,win
KXETH15M-26OCT021245-45,ETH,PAPER,1,NO,2026-10-02T16:30:17.751184+00:00,882.3,48,2026-10-02T16:39:50.749626+00:00,309.3,72,,sold,32,33,207,4198,0,1,47.5,,,7.0,16,42.5,887.3,7.5,2692.61,2692.68,0.0026,-0.026,0.0078,-0.0004,0,0,win
KXXRP15M-26OCT021300-00,XRP,PAPER,1,NO,2026-10-02T16:50:15.751781+00:00,584.3,48,2026-10-02T16:54:33.750246+00:00,326.2,73,,sold,21,32,218,4416,5,1,47.5,7.0,7.0,12.0,59,28.5,861.3,21.5,1.5027,1.503,0.02,0.0532,0.0599,-0.0336,1,1,win
KXETH15M-26OCT021300-00,ETH,PAPER,1,NO,2026-10-02T16:49:02.754325+00:00,657.2,48,2026-10-02T16:55:37.750078+00:00,262.2,72,,sold,21,33,207,4623,4,2,47.0,4.5,7.5,10.0,60,32.5,873.3,17.5,2691.35,2691.43,0.003,0.0267,0.0386,-0.0386,0,0,win
KXDOGE15M-26OCT021300-00,DOGE,PAPER,1,NO,2026-10-02T16:52:11.751305+00:00,468.2,48,2026-10-02T16:55:53.749158+00:00,246.3,72,,sold,36,33,207,4830,7,1,47.5,24.0,30.0,33.0,60,27.5,853.3,22.5,0.095,0.095,-0.0053,0.1051,0.1681,-0.1146,3,3,win
KXBTC15M-26OCT021300-00,BTC,PAPER,1,NO,2026-10-02T16:51:51.754876+00:00,488.3,48,2026-10-02T16:56:11.750530+00:00,228.2,72,,sold,35,33,207,5037,6,1,47.5,29.0,21.0,32.0,61,28.5,863.3,21.5,85161.84,85156.37,-0.0064,0.1301,0.0809,-0.0809,2,2,win
KXETH15M-26OCT021315-15,ETH,PAPER,1,NO,2026-10-02T17:04:37.752191+00:00,622.3,49,2026-10-02T17:09:50.749093+00:00,309.3,73,,sold,34,32,208,5245,4,1,48.5,11.0,9.5,15.0,61,46.5,854.3,3.5,2688.92,2689.09,0.0063,0.039,0.0405,-0.0268,3,3,win
KXBTC15M-26OCT021315-15,BTC,PAPER,1,NO,2026-10-02T17:00:26.751589+00:00,873.3,49,2026-10-02T17:10:23.750197+00:00,276.2,73,,sold,22,32,208,5453,0,1,48.5,,,7.0,23,41.5,889.3,8.5,85132.11,85128.18,-0.0046,0.0206,-0.0233,0.0233,1,1,win
KXDOGE15M-26OCT021315-15,DOGE,PAPER,1,NO,2026-10-02T17:00:40.751133+00:00,859.3,48,2026-10-02T17:10:24.749709+00:00,275.3,73,,sold,17,32,218,5671,0,2,47.0,3.5,,5.5,17,46.5,869.3,3.5,,,,,,0.0276,2,2,win
KXSOL15M-26OCT021315-15,SOL,PAPER,1,NO,2026-10-02T17:00:24.751766+00:00,875.3,49,2026-10-02T17:11:30.751115+00:00,209.2,75,,sold,19,32,228,5899,0,1,48.5,,,5.0,14,46.5,884.3,3.5,119.94,119.9607,0.0173,0.0167,-0.025,0.0329,0,0,win
KXXRP15M-26OCT021315-15,XRP,PAPER,1,YES,2026-10-02T17:04:56.751061+00:00,603.3,50,,,0,no,settled,0,18,-518,5381,4,1,49.5,-24.0,-22.5,24.0,56,59.5,879.3,9.5,1.5029,1.5028,0.0067,-0.113,-0.0997,-0.0451,4,4,win
KXSOL15M-26OCT021330-30,SOL,PAPER,1,YES,2026-10-02T17:15:28.735306+00:00,871.3,49,2026-10-02T17:19:10.749366+00:00,649.3,72,,sold,24,33,197,5578,0,1,48.5,,,,0,,,,119.72,119.7762,-0.0469,0.0251,-0.0084,-0.0244,1,1,win
KXXRP15M-26OCT021330-30,XRP,PAPER,1,YES,2026-10-02T17:15:03.227280+00:00,896.8,49,2026-10-02T17:19:10.750728+00:00,649.2,73,,sold,25,32,208,5786,0,1,48.5,,,,0,,,,,,,-0.0067,-0.06,-0.1184,1,0,win
KXDOGE15M-26OCT021330-30,DOGE,PAPER,1,YES,2026-10-02T17:15:48.926920+00:00,851.1,50,2026-10-02T17:19:12.749228+00:00,647.3,73,,sold,20,32,198,5984,0,1,49.5,,,,0,,,,0.0946,0.0947,-0.133,-0.095,-0.0317,-0.1144,2,2,win
KXBTC15M-26OCT021330-30,BTC,PAPER,1,NO,2026-10-02T17:22:27.751919+00:00,452.3,50,2026-10-02T17:23:24.748777+00:00,395.3,72,,sold,44,33,187,6171,7,1,49.5,-16.0,-26.0,30.0,61,57.5,860.3,7.5,84958.46,84953.3,-0.0061,-0.0653,-0.1002,0.1002,1,4,win
KXETH15M-26OCT021330-30,ETH,PAPER,1,NO,2026-10-02T17:21:38.750964+00:00,501.3,49,2026-10-02T17:24:42.749496+00:00,317.3,74,,sold,19,32,218,6389,6,1,48.5,19.0,13.0,22.0,61,62.5,855.3,12.5,2682.0,2682.03,0.0011,0.0797,0.0529,-0.0485,0,3,win
KXETH15M-26OCT021345-45,ETH,PAPER,1,YES,2026-10-02T17:30:27.385902+00:00,872.6,49,2026-10-02T17:31:12.749153+00:00,827.3,72,,sold,49,33,197,6586,0,1,48.5,,,9.0,5,,,,2681.8,2681.78,0.0007,-0.0026,0.0045,-0.0642,3,3,win
KXSOL15M-26OCT021345-45,SOL,PAPER,1,YES,2026-10-02T17:30:12.127686+00:00,887.9,48,2026-10-02T17:34:17.750379+00:00,642.2,72,,sold,38,33,207,6793,0,2,47.0,,,6.0,5,,,,119.67,119.6918,-0.0182,0.0084,0.0418,-0.0598,0,0,win
KXBTC15M-26OCT021345-45,BTC,PAPER,1,YES,2026-10-02T17:30:33.752026+00:00,866.3,48,2026-10-02T17:34:30.750170+00:00,629.2,72,,sold,47,33,207,7000,0,1,47.5,3.0,,8.0,32,40.5,892.3,9.5,84621.57,84634.79,-0.0156,-0.0059,-0.0036,-0.0036,4,4,win
KXDOGE15M-26OCT021345-45,DOGE,PAPER,1,NO,2026-10-02T17:30:17.299834+00:00,882.7,48,2026-10-02T17:37:59.750016+00:00,420.3,72,,sold,20,33,207,7207,0,2,47.0,,,6.5,5,,,,,,,,,-0.0585,2,2,win
KXXRP15M-26OCT021345-45,XRP,PAPER,1,NO,2026-10-02T17:30:17.298158+00:00,882.7,50,2026-10-02T17:38:08.749922+00:00,411.3,73,,sold,27,32,198,7405,0,1,49.5,,,7.0,5,,,,1.4988,1.4985,-0.02,-0.04,-0.0534,-0.0585,1,1,win
KXSOL15M-26OCT021400-00,SOL,PAPER,1,YES,2026-10-02T17:45:15.785007+00:00,884.2,49,2026-10-02T17:48:43.749771+00:00,676.3,72,,sold,34,33,197,7602,0,1,48.5,,,17.0,5,,,,119.36,119.3868,-0.0224,0.0084,0.0503,0.035,1,1,win
KXETH15M-26OCT021400-00,ETH,PAPER,1,YES,2026-10-02T17:45:47.751448+00:00,852.3,48,2026-10-02T17:49:40.749024+00:00,619.3,74,,sold,45,32,228,7830,0,1,47.5,-6.0,,8.0,22,55.5,868.3,5.5,2680.14,2680.34,-0.0075,-0.041,-0.016,-0.0206,3,3,win
KXXRP15M-26OCT021400-00,XRP,PAPER,1,YES,2026-10-02T17:46:59.751623+00:00,780.3,49,2026-10-02T17:49:47.749256+00:00,612.3,72,,sold,47,33,197,8027,1,1,48.5,13.0,8.0,14.0,59,43.5,848.3,6.5,1.4941,1.4948,-0.0468,0.0737,0.067,0.0581,4,4,win
KXBTC15M-26OCT021400-00,BTC,PAPER,1,NO,2026-10-02T17:45:05.528310+00:00,894.5,49,,,0,yes,settled,0,18,-508,7519,0,1,48.5,,,2.0,5,,,,84599.17,84596.14,-0.0036,0.0205,-0.029,0.029,0,0,win
KXDOGE15M-26OCT021400-00,DOGE,PAPER,1,NO,2026-10-02T17:45:21.752091+00:00,878.3,48,,,0,yes,settled,0,18,-498,7021,0,1,47.5,,,6.5,11,43.5,883.3,6.5,,,,-0.0,-0.0106,-0.0219,2,2,win
KXBTC15M-26OCT021415-15,BTC,PAPER,1,YES,2026-10-02T18:00:09.239407+00:00,890.8,50,2026-10-02T18:04:39.750357+00:00,620.2,72,,sold,48,33,187,7208,0,1,49.5,,,4.0,5,,,,84781.09,84787.33,-0.0074,-0.0118,-0.0056,-0.0056,0,0,loss
KXSOL15M-26OCT021415-15,SOL,PAPER,1,NO,2026-10-02T18:00:14.284325+00:00,885.7,48,2026-10-02T18:09:33.749678+00:00,326.3,73,,sold,25,32,218,7426,0,1,47.5,,,5.0,4,,,,119.69,119.7138,0.0199,-0.0084,0.0251,-0.0269,1,1,win
KXETH15M-26OCT021415-15,ETH,PAPER,1,NO,2026-10-02T18:00:44.608601+00:00,855.4,49,,,0,yes,settled,0,18,-508,6918,0,1,48.5,0.0,,2.5,5,,,,2687.45,2684.23,-0.12,-0.1166,-0.1241,0.0793,3,3,win
KXDOGE15M-26OCT021415-15,DOGE,PAPER,1,YES,2026-10-02T18:00:34.481041+00:00,865.5,50,,,0,no,settled,0,18,-518,6400,0,1,49.5,,,0.0,4,,,,,,,,,0.0481,2,2,loss
KXXRP15M-26OCT021415-15,XRP,PAPER,1,YES,2026-10-02T18:04:00.314931+00:00,659.7,48,,,0,no,settled,0,18,-498,5902,4,2,47.0,-5.0,-10.0,11.5,59,70.5,850.3,20.5,1.4978,1.4986,-0.0534,-0.04,-0.0734,-0.0349,4,4,win
KXDOGE15M-26OCT021430-30,DOGE,PAPER,1,NO,2026-10-02T18:15:28.010940+00:00,872.0,48,2026-10-02T18:16:25.750524+00:00,814.2,74,,sold,47,32,228,6130,0,1,47.5,,,9.0,10,,,,,,,,,0.0021,2,2,loss
KXSOL15M-26OCT021430-30,SOL,PAPER,1,YES,2026-10-02T18:15:12.739093+00:00,887.3,49,,,0,no,settled,0,18,-508,5622,0,2,48.0,,,12.0,10,,,,119.69,119.7313,-0.0345,-0.0334,0.0084,-0.0008,2,0,win
KXXRP15M-26OCT021430-30,XRP,PAPER,1,YES,2026-10-02T18:16:03.751373+00:00,836.3,49,,,0,no,settled,0,18,-508,5114,1,1,48.5,-9.0,-11.0,11.0,41,55.5,866.3,5.5,1.4972,1.498,-0.0534,-0.0401,-0.0601,-0.0593,4,4,loss
KXBTC15M-26OCT021430-30,BTC,PAPER,1,YES,2026-10-02T18:15:38.098208+00:00,861.9,49,,,0,no,settled,0,18,-508,4606,0,1,48.5,-1.0,,5.0,11,,,,84849.23,84862.65,-0.0158,-0.0211,-0.0345,-0.0345,3,3,win
KXETH15M-26OCT021430-30,ETH,PAPER,1,YES,2026-10-02T18:15:28.009460+00:00,872.0,50,,,0,no,settled,0,18,-518,4088,0,1,49.5,,,3.5,11,,,,2686.21,2686.14,0.0026,-0.0175,0.003,0.0021,1,1,loss
KXDOGE15M-26OCT021445-45,DOGE,PAPER,1,NO,2026-10-02T18:30:25.750968+00:00,874.3,49,2026-10-02T18:32:28.749653+00:00,751.3,74,,sold,48,32,218,4306,0,1,48.5,,,14.0,14,46.5,877.3,3.5,0.0934,0.0934,-0.0043,-0.0107,-0.0,-0.0106,2,2,win
KXBTC15M-26OCT021445-45,BTC,PAPER,1,NO,2026-10-02T18:30:24.750930+00:00,875.3,50,2026-10-02T18:33:34.748881+00:00,685.3,73,,sold,49,32,198,4504,0,1,49.5,,,8.0,14,44.5,877.3,5.5,84597.09,84596.57,-0.0006,0.0114,-0.002,0.002,1,1,loss
KXETH15M-26OCT021445-45,ETH,PAPER,1,NO,2026-10-02T18:30:31.752887+00:00,868.3,49,2026-10-02T18:35:02.749565+00:00,597.3,72,,sold,41,33,197,4701,0,1,48.5,,,10.0,31,41.5,887.3,8.5,2678.4,2678.47,0.0026,0.0287,-0.0049,-0.0402,4,4,loss
KXXRP15M-26OCT021445-45,XRP,PAPER,1,YES,2026-10-02T18:30:17.029554+00:00,883.0,48,,,0,no,settled,0,18,-498,4203,0,1,47.5,,,6.0,11,,,,1.4873,1.4881,-0.0538,-0.0134,-0.0672,0.0154,0,0,loss
KXSOL15M-26OCT021445-45,SOL,PAPER,1,YES,2026-10-02T18:30:27.117231+00:00,872.9,49,,,0,no,settled,0,18,-508,3695,0,1,48.5,,,10.0,11,,,,118.9,118.971,-0.0597,-0.0672,-0.0672,-0.0156,3,3,loss
KXXRP15M-26OCT021500-00,XRP,PAPER,1,NO,2026-10-02T18:46:02.752792+00:00,837.2,49,2026-10-02T18:47:35.750865+00:00,744.2,72,,sold,32,33,197,3892,1,1,48.5,7.0,15.0,13.0,61,41.5,879.3,8.5,1.4573,1.4575,0.0137,0.1302,0.1781,-0.0307,0,0,loss
KXDOGE15M-26OCT021500-00,DOGE,PAPER,1,YES,2026-10-02T18:49:22.752893+00:00,637.2,48,2026-10-02T18:52:01.750275+00:00,478.2,74,,sold,33,32,228,4120,4,4,46.0,11.5,5.5,12.5,60,61.0,868.3,11.0,0.0907,0.0909,-0.1706,0.1767,0.0441,0.1064,3,4,win
KXBTC15M-26OCT021500-00,BTC,PAPER,1,NO,2026-10-02T18:46:15.752959+00:00,824.2,49,,,0,yes,settled,0,18,-508,3612,1,1,48.5,14.0,4.0,14.0,61,43.5,879.3,6.5,83950.73,83957.42,0.008,0.1059,0.0381,-0.0381,1,1,win
KXSOL15M-26OCT021500-00,SOL,PAPER,1,NO,2026-10-02T18:46:16.752465+00:00,823.3,49,,,0,yes,settled,0,18,-508,3104,1,1,48.5,11.0,3.0,11.0,50,39.5,868.2,10.5,117.5,117.5332,0.0282,0.136,0.034,-0.0464,2,2,loss
KXETH15M-26OCT021500-00,ETH,PAPER,1,NO,2026-10-02T18:46:17.752845+00:00,822.2,48,,,0,yes,settled,0,18,-498,2606,1,1,47.5,9.0,1.0,10.0,35,38.5,853.2,11.5,2655.27,2655.02,-0.0094,0.0911,-0.0177,-0.0338,3,3,win
KXBTC15M-26OCT021515-15,BTC,PAPER,1,NO,2026-10-02T19:00:24.345849+00:00,875.7,48,2026-10-02T19:06:36.750369+00:00,503.2,72,,sold,38,33,207,2813,0,1,47.5,,,7.0,10,,,,84268.51,84250.56,-0.0213,-0.0334,-0.0282,0.0282,2,2,loss
KXETH15M-26OCT021515-15,ETH,PAPER,1,NO,2026-10-02T19:00:14.753237+00:00,885.2,48,2026-10-02T19:12:53.751017+00:00,126.2,72,,sold,17,33,207,3020,0,1,47.5,,,9.0,10,47.5,885.2,2.5,2665.98,2665.85,-0.0049,-0.0402,-0.018,0.0072,3,0,win
KXXRP15M-26OCT021515-15,XRP,PAPER,1,NO,2026-10-02T19:00:19.752861+00:00,880.2,49,2026-10-02T19:13:30.750635+00:00,89.2,72,,sold,6,33,197,3217,0,1,48.5,,,7.0,11,48.5,880.2,1.5,1.4645,1.4645,-0.0,0.0068,0.0205,-0.0156,1,1,win
KXBTC15M-26OCT021530-30,BTC,PAPER,1,NO,2026-10-02T19:15:07.706636+00:00,892.3,50,2026-10-02T19:16:23.750640+00:00,816.2,73,,sold,39,32,198,3415,0,1,49.5,,,2.0,5,,,,84122.08,84118.74,-0.004,-0.011,0.0125,-0.0125,0,0,win
KXSOL15M-26OCT021530-30,SOL,PAPER,1,NO,2026-10-02T19:15:12.775232+00:00,887.2,48,2026-10-02T19:16:24.751297+00:00,815.2,74,,sold,37,32,228,3643,0,1,47.5,,,1.5,5,,,,117.94,117.847,-0.0789,-0.1188,-0.0679,0.0385,2,2,loss
KXDOGE15M-26OCT021530-30,DOGE,PAPER,1,YES,2026-10-02T19:15:07.708305+00:00,892.3,50,2026-10-02T19:24:25.750424+00:00,334.2,73,,sold,27,32,198,3841,0,1,49.5,,,1.0,5,,,,,,,,,-0.0125,1,1,win
KXETH15M-26OCT021530-30,ETH,PAPER,1,YES,2026-10-02T19:15:43.192954+00:00,856.8,49,2026-10-02T19:24:44.749810+00:00,315.3,72,,sold,12,33,197,4038,0,1,48.5,0.0,,0.0,5,,,,2662.63,2665.3,-0.1002,-0.0912,-0.0687,-0.0453,4,4,win
KXXRP15M-26OCT021530-30,XRP,PAPER,1,NO,2026-10-02T19:15:17.921809+00:00,882.1,48,,,0,yes,settled,0,18,-498,3540,0,1,47.5,,,1.0,5,,,,1.4682,1.465,-0.2184,-0.3143,-0.2458,0.0255,3,3,win
KXETH15M-26OCT021545-45,ETH,PAPER,1,YES,2026-10-02T19:30:26.605353+00:00,873.4,50,2026-10-02T19:41:53.749525+00:00,186.3,72,,sold,38,33,187,3727,0,1,49.5,,,3.0,10,,,,2665.97,2666.33,-0.0135,0.0315,0.0311,-0.0021,2,2,win
KXSOL15M-26OCT021545-45,SOL,PAPER,1,NO,2026-10-02T19:30:13.752345+00:00,886.3,49,,,0,yes,settled,0,18,-508,3219,0,1,48.5,,,9.0,13,45.5,888.3,4.5,117.91,117.9225,0.0106,-0.017,-0.017,-0.0067,1,0,win
KXBTC15M-26OCT021545-45,BTC,PAPER,1,NO,2026-10-02T19:30:21.752165+00:00,878.3,50,,,0,yes,settled,0,18,-518,2701,0,1,49.5,,,7.0,11,49.5,878.3,0.5,84122.15,84124.9,0.0033,0.0029,-0.0072,0.0072,1,1,win
KXXRP15M-26OCT021545-45,XRP,PAPER,1,NO,2026-10-02T19:30:36.697709+00:00,863.3,50,,,0,yes,settled,0,18,-518,2183,0,1,49.5,-1.0,,2.0,10,,,,1.4686,1.4684,-0.0136,-0.0545,-0.1022,0.0342,3,3,loss
KXSOL15M-26OCT021600-00,SOL,PAPER,1,NO,2026-10-02T19:45:40.751506+00:00,859.3,48,2026-10-02T19:48:52.749823+00:00,667.3,76,,sold,29,31,249,2432,0,2,47.0,12.5,,15.5,21,41.5,869.3,8.5,118.05,118.0405,-0.008,0.0508,-0.0254,0.0147,2,2,loss
KXXRP15M-26OCT021600-00,XRP,PAPER,1,NO,2026-10-02T19:45:42.750967+00:00,857.3,48,2026-10-02T19:49:44.750132+00:00,615.2,72,,sold,37,33,207,2639,0,1,47.5,6.0,,10.0,33,41.5,879.3,8.5,1.472,1.472,-0.0,0.0543,-0.0068,0.0222,3,3,loss
KXDOGE15M-26OCT021600-00,DOGE,PAPER,1,NO,2026-10-02T19:45:38.752315+00:00,861.3,49,2026-10-02T19:52:03.750023+00:00,476.3,73,,sold,36,32,208,2847,0,1,48.5,6.0,,8.5,13,46.5,864.3,3.5,0.0916,0.0916,0.0197,0.1091,-0.0437,0.0257,1,1,win
KXETH15M-26OCT021600-00,ETH,PAPER,1,NO,2026-10-02T19:46:31.752438+00:00,808.2,48,2026-10-02T19:52:13.749841+00:00,466.3,72,,sold,29,33,207,3054,1,1,47.5,5.0,6.0,6.5,60,38.5,884.3,11.5,2665.43,2665.62,0.0071,0.0236,0.0169,-0.0049,4,4,win
KXBTC15M-26OCT021600-00,BTC,PAPER,1,NO,2026-10-02T19:45:21.750978+00:00,878.3,48,,,0,yes,settled,0,18,-498,2556,0,1,47.5,,,13.0,12,43.5,879.3,6.5,84175.0,84153.27,-0.0258,-0.0243,-0.0268,0.0268,0,0,loss
KXDOGE15M-26OCT021615-15,DOGE,PAPER,1,NO,2026-10-02T20:01:17.752617+00:00,822.3,48,,,0,yes,settled,1,18,-498,2058,1,2,47.0,9.5,7.5,13.5,58,37.5,880.3,12.5,0.0915,0.0915,-0.0164,0.0874,0.0437,-0.0003,1,1,win
KXETH15M-26OCT021615-15,ETH,PAPER,1,NO,2026-10-02T20:01:07.753273+00:00,832.2,48,,,0,yes,settled,0,18,-498,1560,1,1,47.5,11.0,2.0,11.0,36,44.5,855.3,5.5,2667.26,2667.56,0.0112,0.0435,0.0307,0.0304,0,0,win
KXSOL15M-26OCT021615-15,SOL,PAPER,1,NO,2026-10-02T20:04:00.236477+00:00,659.8,48,,,0,yes,settled,0,18,-498,1062,4,1,47.5,-5.0,7.0,13.5,57,38.5,855.3,11.5,117.95,117.9502,0.0002,-0.0424,0.0254,-0.0087,2,2,win
KXDOGE15M-26OCT021630-30,DOGE,PAPER,1,NO,2026-10-02T20:15:57.751355+00:00,842.3,48,2026-10-02T20:17:59.748875+00:00,720.3,74,,sold,46,32,228,1290,0,1,47.5,1.0,,8.0,38,41.5,871.3,8.5,,,,,,0.0084,4,4,loss
KXSOL15M-26OCT021630-30,SOL,PAPER,1,NO,2026-10-02T20:15:45.750894+00:00,854.3,48,2026-10-02T20:22:40.750066+00:00,439.2,72,,sold,40,33,207,1497,0,2,47.0,1.5,,1.5,12,46.5,856.3,3.5,118.07,118.077,0.0059,-0.0085,0.0085,0.0235,3,3,loss
KXXRP15M-26OCT021630-30,XRP,PAPER,1,YES,2026-10-02T20:15:17.978109+00:00,882.0,48,2026-10-02T20:23:28.749783+00:00,391.3,74,,sold,33,32,228,1725,0,1,47.5,,,0.0,9,,,,1.4727,1.4736,-0.0611,-0.0272,-0.0407,-0.0172,1,1,win
KXETH15M-26OCT021630-30,ETH,PAPER,1,YES,2026-10-02T20:15:12.898579+00:00,887.1,50,2026-10-02T20:24:54.750444+00:00,305.2,76,,sold,31,31,229,1954,0,1,49.5,,,0.0,11,,,,2667.41,2668.04,-0.0236,-0.0124,-0.0086,-0.0234,0,0,loss
KXBTC15M-26OCT021630-30,BTC,PAPER,1,NO,2026-10-02T20:15:38.752842+00:00,861.3,48,2026-10-02T20:28:40.750706+00:00,79.2,74,,sold,1,32,228,2182,0,1,47.5,-3.0,,6.0,12,47.5,861.3,2.5,84375.94,84364.16,-0.014,-0.0145,-0.0215,0.0215,2,2,loss
KXSOL15M-26OCT021645-45,SOL,PAPER,1,YES,2026-10-02T20:30:27.332995+00:00,872.7,50,2026-10-02T20:32:17.750002+00:00,762.3,73,,sold,50,32,198,2380,0,1,49.5,,,7.0,16,,,,118.01,118.056,-0.039,0.0,-0.0339,0.0052,2,2,win
KXBTC15M-26OCT021645-45,BTC,PAPER,1,YES,2026-10-02T20:30:22.758669+00:00,877.2,48,2026-10-02T20:32:57.749828+00:00,722.3,73,,sold,44,32,218,2598,0,1,47.5,,,6.0,17,47.5,877.2,2.5,84318.83,84340.96,-0.0262,-0.0175,-0.0248,-0.0248,1,1,win
KXXRP15M-26OCT021645-45,XRP,PAPER,1,NO,2026-10-02T20:30:17.225358+00:00,882.8,48,2026-10-02T20:41:20.749613+00:00,219.3,72,,sold,12,33,207,2805,0,1,47.5,,,7.0,15,,,,1.4746,1.4746,-0.0,0.0271,-0.0203,0.001,0,0,win
KXETH15M-26OCT021645-45,ETH,PAPER,1,NO,2026-10-02T20:30:27.751993+00:00,872.3,49,2026-10-02T20:41:29.750093+00:00,210.2,72,,sold,9,33,197,3002,0,1,48.5,,,6.0,17,48.5,872.3,1.5,2666.22,2666.86,0.024,-0.0015,0.0034,0.0028,3,3,win
KXSOL15M-26OCT021700-00,SOL,PAPER,1,YES,2026-10-02T20:45:26.305540+00:00,873.7,49,2026-10-02T20:50:49.750193+00:00,550.2,72,,sold,37,33,197,3199,0,1,48.5,,,4.0,19,,,,117.74,117.7915,-0.0437,-0.017,0.0085,0.0243,1,1,win
KXDOGE15M-26OCT021700-00,DOGE,PAPER,1,YES,2026-10-02T20:45:56.752413+00:00,843.3,49,2026-10-02T20:50:59.749652+00:00,540.3,72,,sold,29,33,197,3396,0,1,48.5,3.0,,11.0,45,40.5,868.2,9.5,0.0913,0.0914,-0.0372,0.0109,-0.0328,0.0096,4,4,win
KXETH15M-26OCT021700-00,ETH,PAPER,1,YES,2026-10-02T20:45:53.753868+00:00,846.2,49,2026-10-02T20:52:44.751627+00:00,435.2,74,,sold,23,32,218,3614,0,3,47.5,5.0,,12.0,48,43.5,873.3,6.5,2661.78,2662.82,-0.0391,0.0147,0.0116,0.0096,3,3,win
KXXRP15M-26OCT021700-00,XRP,PAPER,1,NO,2026-10-02T20:45:50.751875+00:00,849.3,49,,,0,yes,settled,1,18,-508,3106,0,1,48.5,-7.0,,12.0,34,55.5,863.3,5.5,1.472,1.4724,0.0272,-0.0068,-0.0,-0.0014,2,2,win
KXBTC15M-26OCT021700-00,BTC,PAPER,1,NO,2026-10-02T20:45:21.256364+00:00,878.7,48,,,0,yes,settled,0,18,-498,2608,0,1,47.5,,,2.0,20,,,,84229.99,84223.83,-0.0073,-0.0078,-0.0192,0.0192,0,0,win
KXDOGE15M-26OCT021715-15,DOGE,PAPER,1,YES,2026-10-02T21:00:40.634661+00:00,859.4,50,2026-10-02T21:01:03.749424+00:00,836.3,72,,sold,50,33,187,2795,0,2,49.0,1.0,,14.0,25,,,,0.0914,0.0913,0.0361,0.0767,-0.0109,0.0221,2,2,win
KXSOL15M-26OCT021715-15,SOL,PAPER,1,YES,2026-10-02T21:00:30.540903+00:00,869.5,49,2026-10-02T21:01:08.749903+00:00,831.3,73,,sold,48,32,208,3003,0,1,48.5,,,12.5,25,,,,117.8,117.8255,-0.0216,0.034,-0.0339,-0.0413,0,0,win
KXXRP15M-26OCT021715-15,XRP,PAPER,1,YES,2026-10-02T21:00:51.751392+00:00,848.3,49,2026-10-02T21:01:28.749326+00:00,811.3,72,,sold,48,33,197,3200,0,1,48.5,3.5,,7.0,25,48.5,848.3,1.5,1.473,1.4733,-0.0204,0.0407,0.0272,0.006,3,3,loss
KXBTC15M-26OCT021715-15,BTC,PAPER,1,YES,2026-10-02T21:00:35.585096+00:00,864.4,49,2026-10-02T21:02:09.749697+00:00,770.3,72,,sold,49,33,197,3397,0,1,48.5,,,9.0,25,,,,84438.61,84445.85,-0.0086,0.0328,-0.0147,-0.0147,1,1,loss
KXETH15M-26OCT021730-30,ETH,PAPER,1,NO,2026-10-02T21:15:14.442574+00:00,885.6,49,2026-10-02T21:24:16.751169+00:00,343.2,76,,sold,31,31,239,3636,0,1,48.5,,,1.0,9,,,,2662.9,2662.91,0.0004,0.0008,-0.027,0.0126,0,0,win
KXSOL15M-26OCT021730-30,SOL,PAPER,1,NO,2026-10-02T21:19:49.755664+00:00,610.2,48,2026-10-02T21:24:41.750941+00:00,318.2,72,,sold,47,33,207,3843,4,1,47.5,12.0,11.0,13.0,54,42.5,884.3,7.5,118.06,118.052,-0.0068,0.0254,0.0339,-0.0135,2,2,win
KXBTC15M-26OCT021730-30,BTC,PAPER,1,YES,2026-10-02T21:15:26.755461+00:00,873.2,48,,,0,no,settled,0,18,-498,3345,0,1,47.5,,,8.0,12,46.5,874.2,3.5,84486.09,84484.76,0.0016,-0.0,0.0126,0.0126,1,1,win
KXETH15M-26OCT021745-45,ETH,PAPER,1,NO,2026-10-02T21:30:13.749116+00:00,886.3,50,2026-10-02T21:33:19.751522+00:00,700.2,72,,sold,39,33,187,3532,0,1,49.5,,,1.0,10,,,,2658.72,2659.3,0.0218,0.0102,0.0045,-0.0031,1,0,win
KXBTC15M-26OCT021745-45,BTC,PAPER,1,YES,2026-10-02T21:30:24.063897+00:00,875.9,50,2026-10-02T21:36:20.760644+00:00,519.2,73,,sold,41,32,198,3730,0,1,49.5,,,2.0,11,,,,84425.3,84426.38,-0.0013,-0.0,0.0016,0.0016,2,2,loss
KXDOGE15M-26OCT021745-45,DOGE,PAPER,1,NO,2026-10-02T21:30:34.180625+00:00,865.8,48,,,0,yes,settled,0,18,-498,3232,0,1,47.5,-1.0,,1.0,10,,,,0.0913,0.0913,-0.0033,-0.0,-0.0329,-0.005,3,3,win
KXXRP15M-26OCT021745-45,XRP,PAPER,1,NO,2026-10-02T21:30:19.012541+00:00,881.0,49,,,0,yes,settled,0,18,-508,2724,0,1,48.5,,,2.0,11,,,,1.4716,1.4717,0.0068,-0.0136,-0.0,0.0098,1,1,win
KXSOL15M-26OCT021745-45,SOL,PAPER,1,NO,2026-10-02T21:30:44.272707+00:00,855.7,50,,,0,yes,settled,0,18,-518,2206,0,1,49.5,0.0,,2.5,10,,,,117.76,117.7492,-0.0092,-0.0255,-0.0085,-0.0185,4,4,win
KXDOGE15M-26OCT021800-00,DOGE,PAPER,1,YES,2026-10-02T21:50:44.756955+00:00,555.2,49,2026-10-02T21:51:16.750180+00:00,523.2,72,,sold,47,33,197,2403,5,2,48.0,-27.5,-24.0,27.5,58,58.5,881.3,8.5,0.0918,0.0918,-0.0207,-0.1306,-0.0762,-0.0057,3,3,loss
KXETH15M-26OCT021800-00,ETH,PAPER,1,NO,2026-10-02T21:49:58.754730+00:00,601.2,48,,,0,yes,settled,0,18,-498,1905,4,1,47.5,14.0,4.0,16.0,60,39.5,886.3,10.5,2661.84,2661.73,-0.0041,0.0199,-0.0086,0.0158,1,1,win
KXSOL15M-26OCT021800-00,SOL,PAPER,1,NO,2026-10-02T21:50:44.753151+00:00,555.3,50,,,0,yes,settled,0,18,-518,1387,5,1,49.5,18.0,13.5,20.0,59,31.5,871.3,18.5,118.04,118.0488,0.0075,0.0423,0.0339,-0.0057,2,2,loss
KXBTC15M-26OCT021800-00,BTC,PAPER,1,NO,2026-10-02T21:45:38.784052+00:00,861.2,48,,,0,yes,settled,2,18,-498,889,0,1,47.5,0.0,,3.0,10,,,,84508.36,84503.88,-0.0053,-0.002,-0.0194,0.0194,0,0,win
KXETH15M-26OCT021815-15,ETH,PAPER,1,NO,2026-10-02T22:00:43.913482+00:00,856.1,50,2026-10-02T22:02:37.749706+00:00,742.3,73,,sold,30,32,198,1087,0,1,49.5,15.0,,15.0,20,,,,2664.91,2665.17,0.0098,0.0259,-0.0109,0.0018,1,1,loss
KXBTC15M-26OCT021815-15,BTC,PAPER,1,NO,2026-10-02T22:00:25.758018+00:00,874.2,48,2026-10-02T22:05:00.751132+00:00,599.2,72,,sold,41,33,207,1294,0,1,47.5,,,13.0,23,44.5,876.2,5.5,84509.34,84509.61,0.0003,0.0039,-0.0018,0.0018,0,0,loss
KXXRP15M-26OCT021815-15,XRP,PAPER,1,NO,2026-10-02T22:01:52.753664+00:00,787.2,48,2026-10-02T22:05:06.750774+00:00,593.2,74,,sold,41,32,228,1522,1,2,47.0,8.5,1.5,14.5,57,44.5,865.2,5.5,1.4765,1.4765,-0.0,0.0203,-0.0203,0.0014,4,4,loss
KXDOGE15M-26OCT021815-15,DOGE,PAPER,1,NO,2026-10-02T22:00:43.952899+00:00,856.1,48,2026-10-02T22:06:32.750100+00:00,507.2,73,,sold,27,32,218,1740,0,1,47.5,8.0,,13.0,19,,,,0.0921,0.0921,0.0098,0.0759,-0.0217,0.0018,3,3,win
KXSOL15M-26OCT021815-15,SOL,PAPER,1,YES,2026-10-02T22:00:43.929936+00:00,856.1,48,,,0,no,settled,0,18,-498,1242,0,1,47.5,-9.0,,13.0,19,,,,118.17,118.2215,-0.0436,-0.0423,-0.0169,0.0018,2,2,loss
KXDOGE15M-26OCT021830-30,DOGE,PAPER,1,NO,2026-10-02T22:15:27.952313+00:00,872.1,50,2026-10-02T22:17:52.751041+00:00,727.2,73,,sold,49,32,198,1440,0,1,49.5,,,0.5,5,,,,,,,,,0.001,2,2,win
KXXRP15M-26OCT021830-30,XRP,PAPER,1,YES,2026-10-02T22:15:17.835682+00:00,882.2,49,2026-10-02T22:20:05.750457+00:00,594.2,72,,sold,31,33,197,1637,0,1,48.5,,,0.0,5,,,,1.4737,1.4743,-0.0407,-0.0136,-0.0271,0.021,1,1,win
KXETH15M-26OCT021830-30,ETH,PAPER,1,YES,2026-10-02T22:15:42.754542+00:00,857.3,50,2026-10-02T22:24:28.749725+00:00,331.3,74,,sold,39,32,208,1845,0,1,49.5,-5.0,,8.0,18,53.5,871.2,3.5,2661.82,2662.17,-0.0131,-0.0019,0.0135,0.0,3,3,win
KXBTC15M-26OCT021830-30,BTC,PAPER,1,NO,2026-10-02T22:15:17.757077+00:00,882.3,48,2026-10-02T22:26:32.751914+00:00,207.2,73,,sold,28,32,218,2063,0,1,47.5,,,5.0,16,45.5,892.3,4.5,84526.92,84515.14,-0.0139,-0.0057,-0.021,0.021,0,0,win
KXSOL15M-26OCT021830-30,SOL,PAPER,1,NO,2026-10-02T22:15:43.113169+00:00,856.9,48,,,0,yes,settled,0,18,-498,1565,0,2,47.0,0.0,,0.5,4,,,,118.09,118.1012,0.0095,0.0339,-0.0085,0.0,4,4,loss
KXETH15M-26OCT021845-45,ETH,PAPER,1,YES,2026-10-02T22:30:35.754776+00:00,864.3,48,2026-10-02T22:34:58.750612+00:00,601.2,73,,sold,47,32,218,1783,0,1,47.5,-10.0,,11.0,14,56.5,872.3,6.5,2664.68,2665.27,-0.0221,-0.0113,-0.0019,0.0092,2,2,win
KXBTC15M-26OCT021845-45,BTC,PAPER,1,NO,2026-10-02T22:30:07.080525+00:00,892.9,48,2026-10-02T22:39:47.751516+00:00,312.2,75,,sold,32,32,238,2021,0,1,47.5,,,4.0,5,,,,84512.46,84503.14,-0.011,-0.0098,-0.0177,0.0177,1,0,win
KXXRP15M-26OCT021845-45,XRP,PAPER,1,NO,2026-10-02T22:30:17.754688+00:00,882.2,50,,,0,yes,settled,0,18,-518,1503,0,1,49.5,,,3.0,6,49.5,882.2,0.5,1.4768,1.477,0.0135,0.0068,0.0068,-0.0125,1,1,win
KXDOGE15M-26OCT021845-45,DOGE,PAPER,1,NO,2026-10-02T22:31:51.753071+00:00,788.2,48,,,0,yes,settled,0,18,-498,1005,1,3,46.5,5.0,5.0,14.0,57,43.5,880.2,6.5,0.0922,0.0922,-0.0076,0.0108,0.0108,0.0132,3,3,win
KXBTC15M-26OCT021900-00,BTC,PAPER,1,YES,2026-10-02T22:45:32.756637+00:00,867.2,49,2026-10-02T22:49:20.750935+00:00,639.2,73,,sold,42,32,208,1213,0,1,48.5,-3.0,,9.0,32,55.5,878.3,5.5,84490.89,84498.49,-0.009,-0.018,0.0,0.0,1,1,win
KXETH15M-26OCT021900-00,ETH,PAPER,1,NO,2026-10-02T22:45:26.532418+00:00,873.5,50,,,0,yes,settled,0,18,-518,695,0,1,49.5,,,10.0,19,,,,2665.6,2666.1,0.0188,-0.006,-0.0225,0.0136,0,0,win
KXSOL15M-26OCT021900-00,SOL,PAPER,1,NO,2026-10-02T22:45:34.753389+00:00,865.3,50,,,0,yes,settled,0,18,-518,177,0,1,49.5,2.0,,11.0,26,41.5,873.3,8.5,118.45,118.4588,0.0074,0.0169,-0.0169,-0.0113,2,2,loss
KXXRP15M-26OCT021915-15,XRP,PAPER,1,YES,2026-10-02T23:01:33.755354+00:00,806.2,49,2026-10-02T23:03:51.749907+00:00,668.3,72,,sold,39,33,197,374,1,1,48.5,-19.0,-6.0,32.0,58,73.5,863.2,23.5,1.4799,1.4802,-0.0203,-0.0675,-0.0878,-0.0395,3,3,loss
KXBTC15M-26OCT021915-15,BTC,PAPER,1,NO,2026-10-02T23:00:05.190967+00:00,894.8,48,2026-10-02T23:05:43.749797+00:00,556.3,73,,sold,44,32,218,592,0,1,47.5,,,2.0,5,,,,84549.58,84542.53,-0.0083,-0.0,-0.0,0.0,2,0,win
KXDOGE15M-26OCT021915-15,DOGE,PAPER,1,NO,2026-10-02T23:00:49.754860+00:00,850.2,49,2026-10-02T23:09:02.749266+00:00,357.3,74,,sold,34,32,218,810,0,2,48.0,-6.5,,9.0,13,46.5,858.2,3.5,,,,,,0.0,2,2,loss
KXETH15M-26OCT021915-15,ETH,PAPER,1,YES,2026-10-02T23:00:33.755651+00:00,866.2,50,,,0,no,settled,0,18,-518,292,0,1,49.5,10.0,,14.0,9,50.0,869.2,0.0,2667.44,2667.96,-0.0195,-0.0034,-0.0022,0.0,1,1,loss
KXSOL15M-26OCT021915-15,SOL,PAPER,1,YES,2026-10-02T23:04:45.755046+00:00,614.2,49,,,0,no,settled,0,18,-508,-216,4,1,48.5,11.5,14.0,13.0,54,43.5,869.2,6.5,118.5,118.5542,-0.0457,0.0169,0.0253,0.0008,3,4,loss
KXXRP15M-26OCT021930-30,XRP,PAPER,1,YES,2026-10-02T23:15:35.308361+00:00,864.7,49,2026-10-02T23:18:17.750332+00:00,702.2,73,,sold,48,32,208,-8,0,1,48.5,0.0,,0.0,11,,,,1.4809,1.4811,-0.0135,-0.0068,-0.0068,0.0069,3,3,win
KXETH15M-26OCT021930-30,ETH,PAPER,1,YES,2026-10-02T23:15:14.950877+00:00,885.1,50,2026-10-02T23:19:34.750322+00:00,625.2,73,,sold,49,32,198,190,0,1,49.5,,,3.5,11,,,,2665.81,2666.15,-0.0128,-0.0015,0.0071,0.0,1,0,loss
KXSOL15M-26OCT021930-30,SOL,PAPER,1,NO,2026-10-02T23:15:14.954653+00:00,885.0,50,,,0,yes,settled,0,18,-518,-328,0,1,49.5,,,0.5,11,,,,118.4,118.4135,0.0114,-0.0,-0.0084,0.0,2,1,loss
KXBTC15M-26OCT021930-30,BTC,PAPER,1,NO,2026-10-02T23:15:20.153966+00:00,879.9,50,,,0,yes,settled,0,18,-518,-846,0,1,49.5,,,1.0,11,,,,84473.16,84479.01,0.0069,-0.0,-0.0,0.0,2,2,win
KXDOGE15M-26OCT021930-30,DOGE,PAPER,1,NO,2026-10-02T23:15:40.362381+00:00,859.6,50,,,0,yes,settled,0,18,-518,-1364,0,1,49.5,-1.0,,1.0,11,,,,0.0925,0.0924,-0.0303,-0.0649,-0.0649,0.0069,4,4,win
KXSOL15M-26OCT021945-45,SOL,PAPER,1,YES,2026-10-02T23:31:15.755283+00:00,824.3,48,2026-10-02T23:39:27.749671+00:00,332.3,73,,sold,37,32,218,-1146,1,2,47.0,5.0,9.5,15.5,60,37.5,885.3,12.5,118.51,118.552,-0.0354,0.0,0.0169,-0.0054,4,4,loss
KXETH15M-26OCT021945-45,ETH,PAPER,1,YES,2026-10-02T23:30:13.973260+00:00,886.0,48,2026-10-02T23:41:27.749193+00:00,212.3,72,,sold,21,33,207,-939,0,1,47.5,,,3.0,11,,,,2668.19,2668.75,-0.021,0.0045,-0.0184,-0.01,2,0,win
KXBTC15M-26OCT021945-45,BTC,PAPER,1,YES,2026-10-02T23:30:34.759469+00:00,865.2,48,2026-10-02T23:44:41.750313+00:00,18.2,76,,sold,3,31,249,-690,0,1,47.5,0.0,,3.0,22,44.5,875.3,5.5,84543.52,84545.77,-0.0027,0.0,-0.01,-0.01,2,2,loss
KXXRP15M-26OCT021945-45,XRP,PAPER,1,NO,2026-10-02T23:31:10.756146+00:00,829.2,50,,,0,yes,settled,0,18,-518,-1208,1,1,49.5,10.0,5.0,11.0,55,43.0,880.3,7.0,1.4839,1.4838,-0.0067,0.0202,-0.0,-0.0054,3,3,win
KXDOGE15M-26OCT021945-45,DOGE,PAPER,1,NO,2026-10-02T23:30:34.271979+00:00,865.7,50,,,0,yes,settled,0,18,-518,-1726,0,1,49.5,-1.0,,1.0,9,,,,0.0927,0.0927,0.0054,-0.0108,0.0108,-0.01,1,1,loss
KXBTC15M-26OCT022000-00,BTC,PAPER,1,NO,2026-10-02T23:45:43.755709+00:00,856.2,48,2026-10-02T23:54:00.750004+00:00,359.3,72,,sold,36,33,207,-1519,0,1,47.5,,,1.0,6,46.5,861.2,3.5,84547.42,84543.92,-0.0041,0.0127,-0.0074,0.0074,3,3,win
KXETH15M-26OCT022000-00,ETH,PAPER,1,NO,2026-10-02T23:45:12.982855+00:00,887.0,48,2026-10-02T23:55:07.749280+00:00,292.3,78,,sold,36,31,269,-1250,0,1,47.5,,,,0,,,,2669.06,2669.39,0.0124,-0.003,0.009,0.0087,2,1,win
KXDOGE15M-26OCT022000-00,DOGE,PAPER,1,NO,2026-10-02T23:45:33.344681+00:00,866.7,50,2026-10-02T23:59:07.750164+00:00,52.2,74,,sold,11,32,208,-1042,0,1,49.5,,,,0,,,,,,,,,-0.0046,2,2,loss
KXSOL15M-26OCT022000-00,SOL,PAPER,1,YES,2026-10-02T23:46:43.752695+00:00,796.3,48,,,0,no,settled,0,18,-498,-1540,1,1,47.5,11.0,,12.5,58,46.5,855.2,3.5,118.68,118.724,-0.0371,0.0337,0.0,-0.0073,4,4,win
KXXRP15M-26OCT022000-00,XRP,PAPER,1,YES,2026-10-02T23:45:02.755799+00:00,897.3,48,,,0,no,settled,0,18,-498,-2038,0,1,47.5,,,0.0,1,47.5,897.3,2.5,,,,0.0,-0.0067,0.0267,2,0,win
KXSOL15M-26OCT022015-15,SOL,PAPER,1,NO,2026-10-03T00:00:42.736973+00:00,857.3,50,2026-10-03T00:08:41.750953+00:00,378.2,72,,sold,24,33,187,-1851,0,2,49.0,0.0,,6.0,10,,,,118.6,118.614,0.0118,-0.0084,-0.0169,0.0042,1,1,loss
KXXRP15M-26OCT022015-15,XRP,PAPER,1,YES,2026-10-03T00:00:39.752528+00:00,860.3,48,2026-10-03T00:12:37.750351+00:00,142.2,72,,sold,3,33,207,-1644,0,1,47.5,1.0,,5.0,31,46.0,882.3,4.0,1.4842,1.4847,-0.0337,0.0,-0.0202,0.0042,0,0,loss
KXDOGE15M-26OCT022015-15,DOGE,PAPER,1,YES,2026-10-03T00:06:21.755513+00:00,518.2,50,2026-10-03T00:12:46.750330+00:00,133.2,72,,sold,5,33,187,-1457,6,1,49.5,11.5,22.0,25.5,59,35.5,887.2,14.5,,,,,,0.0,3,3,win
KXBTC15M-26OCT022015-15,BTC,PAPER,1,YES,2026-10-03T00:00:51.757279+00:00,848.2,49,2026-10-03T00:12:57.750350+00:00,122.2,72,,sold,4,33,197,-1260,0,1,48.5,-5.0,,8.0,25,53.5,862.3,3.5,84506.72,84503.96,0.0033,-0.002,0.0022,0.0022,2,2,win
KXDOGE15M-26OCT022030-30,DOGE,PAPER,1,YES,2026-10-03T00:19:10.754588+00:00,649.2,48,2026-10-03T00:21:58.749712+00:00,481.3,72,,sold,28,33,207,-1053,4,1,47.5,9.0,7.0,15.0,60,60.5,882.3,10.5,,,,,,0.0239,2,2,win
KXETH15M-26OCT022030-30,ETH,PAPER,1,NO,2026-10-03T00:19:34.757136+00:00,625.2,50,,,0,yes,settled,0,18,-518,-1571,4,1,49.5,10.0,15.0,20.0,60,39.5,887.2,10.5,2668.4,2668.36,-0.0015,0.0086,0.0371,-0.0161,3,3,win
KXSOL15M-26OCT022030-30,SOL,PAPER,1,NO,2026-10-03T00:19:00.756031+00:00,659.2,48,,,0,yes,settled,0,18,-498,-2069,4,1,47.5,4.0,8.5,18.0,59,41.5,872.3,8.5,118.74,118.7553,0.0129,0.0084,0.0253,0.0239,1,1,win
KXXRP15M-26OCT022030-30,XRP,PAPER,1,NO,2026-10-03T00:15:32.756373+00:00,867.2,50,,,0,yes,settled,0,18,-518,-2587,0,1,49.5,1.0,,5.0,12,49.5,867.2,0.5,1.485,1.4851,0.0067,-0.0,0.0269,0.0188,0,0,win
KXETH15M-26OCT022045-45,ETH,PAPER,1,YES,2026-10-03T00:30:26.327143+00:00,873.7,50,2026-10-03T00:31:15.749679+00:00,824.3,72,,sold,47,33,187,-2400,0,1,49.5,,,11.0,19,,,,2672.51,2672.54,-0.0011,0.0138,0.0041,0.0022,1,1,loss
KXDOGE15M-26OCT022045-45,DOGE,PAPER,1,NO,2026-10-03T00:31:26.754102+00:00,813.2,49,2026-10-03T00:38:12.749691+00:00,407.3,80,,sold,38,30,280,-2120,1,1,48.5,-8.0,-13.0,26.0,59,68.5,878.3,18.5,0.0935,0.0934,-0.0439,-0.0428,-0.0964,0.0368,2,3,win
KXSOL15M-26OCT022045-45,SOL,PAPER,1,NO,2026-10-03T00:30:26.752566+00:00,873.3,48,,,0,yes,settled,0,18,-498,-2618,0,1,47.5,,,6.0,20,47.5,873.3,2.5,119.0,119.0228,0.0192,-0.0084,-0.0084,0.0022,2,2,loss
KXXRP15M-26OCT022045-45,XRP,PAPER,1,NO,2026-10-03T00:30:21.280393+00:00,878.7,50,,,0,yes,settled,0,18,-518,-3136,0,1,49.5,,,6.0,20,,,,1.4892,1.4891,-0.0067,-0.0201,-0.0067,0.0022,0,0,loss
KXETH15M-26OCT022100-00,ETH,PAPER,1,YES,2026-10-03T00:45:30.762383+00:00,869.2,48,2026-10-03T00:49:08.749824+00:00,651.3,73,,sold,41,32,218,-2918,0,1,47.5,,,6.0,15,,,,2674.75,2674.74,0.0004,-0.0015,0.0123,0.0003,2,2,win
KXBTC15M-26OCT022100-00,BTC,PAPER,1,YES,2026-10-03T00:45:35.815409+00:00,864.2,49,2026-10-03T00:49:57.749685+00:00,602.3,74,,sold,45,32,218,-2700,0,1,48.5,0.0,,1.0,15,,,,84612.54,84610.46,0.0025,0.0079,0.001,0.001,3,3,win
KXXRP15M-26OCT022100-00,XRP,PAPER,1,NO,2026-10-03T00:45:20.651276+00:00,879.4,48,2026-10-03T00:54:39.749505+00:00,320.3,73,,sold,25,32,218,-2482,0,1,47.5,,,9.0,15,,,,1.4901,1.4901,-0.0,0.0134,0.0067,-0.0049,0,0,loss
KXDOGE15M-26OCT022100-00,DOGE,PAPER,1,NO,2026-10-03T00:45:59.752106+00:00,840.3,49,2026-10-03T00:55:25.750148+00:00,274.2,77,,sold,25,31,249,-2233,0,2,48.0,6.5,,7.5,35,40.5,863.3,9.5,0.0933,0.0933,-0.0118,-0.0,0.0214,0.0045,4,4,win
KXSOL15M-26OCT022100-00,SOL,PAPER,1,YES,2026-10-03T00:45:21.754806+00:00,878.3,49,,,0,no,settled,0,18,-508,-2741,0,1,48.5,,,7.0,21,45.5,884.3,4.5,,,,,,-0.0049,1,1,loss
KXDOGE15M-26OCT022115-15,DOGE,PAPER,1,NO,2026-10-03T01:00:06.790585+00:00,893.2,49,2026-10-03T01:02:19.751060+00:00,760.2,72,,sold,46,33,197,-2544,0,3,47.5,,,5.5,3,42.0,895.2,8.0,0.0932,0.0932,-0.0129,-0.0429,-0.0107,0.0146,1,0,win
KXXRP15M-26OCT022115-15,XRP,PAPER,1,NO,2026-10-03T01:00:35.755994+00:00,864.3,48,2026-10-03T01:02:56.750132+00:00,723.2,72,,sold,46,33,207,-2337,0,1,47.5,,,0.0,1,47.5,864.3,2.5,1.4884,1.4883,-0.0067,0.0134,-0.0134,-0.0134,3,3,win
KXBTC15M-26OCT022115-15,BTC,PAPER,1,NO,2026-10-03T01:00:10.786222+00:00,889.2,50,2026-10-03T01:03:29.749355+00:00,690.3,74,,sold,49,32,208,-2129,0,1,49.5,,,0.0,1,49.5,889.2,0.5,84650.27,84643.39,-0.0081,-0.0136,-0.0146,0.0146,2,1,win
KXETH15M-26OCT022115-15,ETH,PAPER,1,YES,2026-10-03T01:00:30.177063+00:00,869.8,50,2026-10-03T01:04:14.749852+00:00,645.3,72,,sold,19,33,187,-1942,0,1,49.5,,,,0,,,,2675.3,2676.2,-0.0336,-0.0362,-0.0254,-0.0138,2,2,win
KXSOL15M-26OCT022115-15,SOL,PAPER,1,NO,2026-10-03T01:04:17.756927+00:00,642.2,49,,,0,yes,settled,0,18,-508,-2450,4,1,48.5,-33.5,-35.0,35.5,55,65.5,854.2,15.5,118.98,118.9968,0.0141,-0.1094,-0.1094,0.035,0,4,loss
KXETH15M-26OCT022130-30,ETH,PAPER,1,NO,2026-10-03T01:19:12.753168+00:00,647.2,49,2026-10-03T01:21:42.749380+00:00,497.3,72,,sold,43,33,197,-2253,4,1,48.5,-5.0,7.0,17.0,61,43.5,885.3,6.5,2679.55,2679.3,-0.0093,-0.0224,0.0164,0.0,1,1,win
KXSOL15M-26OCT022130-30,SOL,PAPER,1,NO,2026-10-03T01:21:33.753833+00:00,506.3,50,2026-10-03T01:27:19.749968+00:00,160.3,72,,sold,30,33,187,-2066,6,1,49.5,14.5,11.5,19.0,57,18.5,870.3,31.5,119.21,119.2118,0.0015,0.0419,0.0252,-0.0055,4,4,loss
KXXRP15M-26OCT022130-30,XRP,PAPER,1,NO,2026-10-03T01:19:25.753086+00:00,634.3,48,,,0,yes,settled,0,18,-498,-2564,4,1,47.5,4.0,3.0,15.0,60,22.5,880.2,27.5,1.4898,1.4897,-0.0067,0.0067,-0.0134,0.0,2,2,win
KXDOGE15M-26OCT022130-30,DOGE,PAPER,1,NO,2026-10-03T01:20:25.753675+00:00,574.3,48,,,0,yes,settled,0,18,-498,-3062,5,1,47.5,5.0,13.0,13.0,58,25.5,880.2,24.5,,,,,,-0.015,3,3,win
KXBTC15M-26OCT022130-30,BTC,PAPER,1,YES,2026-10-03T01:19:00.064331+00:00,659.9,48,,,0,no,settled,0,18,-498,-3560,4,1,47.5,4.0,-3.0,11.0,60,66.5,875.2,16.5,84626.6,84634.23,-0.009,0.0075,-0.0016,-0.0016,0,0,win
KXDOGE15M-26OCT022145-45,DOGE,PAPER,1,NO,2026-10-03T01:30:44.753441+00:00,855.3,48,2026-10-03T01:38:10.750713+00:00,409.2,72,,sold,26,33,207,-3353,0,1,47.5,11.0,,11.0,34,40.5,880.2,9.5,,,,,,0.0039,2,2,loss
KXSOL15M-26OCT022145-45,SOL,PAPER,1,NO,2026-10-03T01:34:52.755188+00:00,607.2,48,,,0,yes,settled,1,18,-498,-3851,4,2,47.0,8.5,14.5,15.5,58,25.5,886.2,24.5,119.23,119.2198,-0.0086,0.0335,0.0754,-0.0032,3,3,win
KXXRP15M-26OCT022145-45,XRP,PAPER,1,NO,2026-10-03T01:30:34.754078+00:00,865.2,48,,,0,yes,settled,0,18,-498,-4349,0,1,47.5,7.0,,11.0,26,43.0,880.2,7.0,1.4916,1.4912,-0.0268,0.0134,-0.0604,0.0026,1,1,loss
KXBTC15M-26OCT022145-45,BTC,PAPER,1,NO,2026-10-03T01:30:31.755885+00:00,868.2,48,,,0,yes,settled,0,18,-498,-4847,0,1,47.5,,,5.0,18,43.5,875.2,6.5,84599.03,84604.32,0.0063,0.0062,-0.0026,0.0026,0,0,loss
KXSOL15M-26OCT022200-00,SOL,PAPER,1,NO,2026-10-03T01:45:43.091241+00:00,856.9,48,2026-10-03T01:49:00.750793+00:00,659.2,74,,sold,47,32,228,-4619,0,1,47.5,0.0,,3.0,8,,,,119.3,119.3328,0.0275,0.0335,0.0251,0.0,2,2,loss
KXBTC15M-26OCT022200-00,BTC,PAPER,1,YES,2026-10-03T01:45:38.047622+00:00,862.0,49,2026-10-03T01:59:04.751349+00:00,55.2,72,,sold,3,33,197,-4422,0,1,48.5,0.0,,2.0,10,,,,84617.72,84621.6,-0.0046,0.0,0.0,0.0,1,1,loss
KXETH15M-26OCT022200-00,ETH,PAPER,1,YES,2026-10-03T01:45:25.753083+00:00,874.3,48,,,0,no,settled,0,18,-498,-4920,0,1,47.5,,,1.0,23,46.5,887.2,3.5,2679.93,2680.42,-0.0183,-0.0071,-0.006,0.0,0,0,win
KXXRP15M-26OCT022215-15,XRP,PAPER,1,YES,2026-10-03T02:00:17.418497+00:00,882.6,50,2026-10-03T02:02:11.751227+00:00,768.2,73,,sold,43,32,198,-4722,0,1,49.5,,,2.0,5,,,,1.4892,1.4897,-0.0336,-0.0134,-0.0134,-0.0018,2,2,loss
KXDOGE15M-26OCT022215-15,DOGE,PAPER,1,YES,2026-10-03T02:00:12.284426+00:00,887.7,50,2026-10-03T02:02:18.750513+00:00,761.2,79,,sold,47,30,260,-4462,0,1,49.5,,,3.5,5,,,,,,,,,-0.0018,2,1,win
KXETH15M-26OCT022215-15,ETH,PAPER,1,NO,2026-10-03T02:00:42.652882+00:00,857.4,48,2026-10-03T02:05:41.749030+00:00,558.3,72,,sold,41,33,207,-4255,0,1,47.5,0.0,,1.0,4,,,,2679.3,2679.54,0.009,0.0004,-0.006,0.0061,3,3,loss
KXBTC15M-26OCT022215-15,BTC,PAPER,1,NO,2026-10-03T02:00:07.236780+00:00,892.8,49,2026-10-03T02:06:37.750502+00:00,502.2,74,,sold,44,32,218,-4037,0,1,48.5,,,1.0,5,,,,84628.15,84631.56,0.004,-0.002,0.0018,-0.0018,1,0,win
KXSOL15M-26OCT022215-15,SOL,PAPER,1,NO,2026-10-03T02:00:42.656807+00:00,857.3,49,2026-10-03T02:06:47.749954+00:00,492.3,72,,sold,26,33,197,-3840,0,1,48.5,0.0,,1.0,5,,,,119.11,119.116,0.005,-0.0,-0.0,0.0061,4,4,win
KXSOL15M-26OCT022230-30,SOL,PAPER,1,YES,2026-10-03T02:15:55.755813+00:00,844.2,49,2026-10-03T02:18:26.750292+00:00,693.2,72,,sold,43,33,197,-3643,0,1,48.5,-8.5,,12.5,52,56.5,873.2,6.5,119.19,119.212,-0.0185,-0.0252,-0.0168,0.0146,3,3,win
KXXRP15M-26OCT022230-30,XRP,PAPER,1,NO,2026-10-03T02:15:36.534541+00:00,863.5,49,2026-10-03T02:25:11.750261+00:00,288.2,75,,sold,21,32,228,-3415,0,1,48.5,1.0,,2.0,25,,,,1.4898,1.49,0.0134,-0.0201,-0.0,0.0146,1,1,win
KXETH15M-26OCT022230-30,ETH,PAPER,1,NO,2026-10-03T02:16:44.756410+00:00,795.2,48,,,0,yes,settled,0,18,-498,-3913,1,1,47.5,5.0,12.0,12.0,58,42.5,873.2,7.5,2677.76,2677.71,-0.0019,0.0041,0.0183,-0.0,4,4,win
KXBTC15M-26OCT022230-30,BTC,PAPER,1,NO,2026-10-03T02:15:36.530888+00:00,863.5,48,,,0,yes,settled,0,18,-498,-4411,0,1,47.5,-1.0,,1.0,25,,,,84616.99,84608.95,-0.0095,-0.0146,-0.0146,0.0146,0,0,win
KXDOGE15M-26OCT022230-30,DOGE,PAPER,1,NO,2026-10-03T02:15:46.757294+00:00,853.2,50,,,0,yes,settled,0,18,-518,-4929,0,5,47.5,6.0,,8.0,31,43.5,863.3,6.5,0.0932,0.0932,-0.0172,-0.0429,-0.0429,0.0146,2,2,win
KXSOL15M-26OCT022245-45,SOL,PAPER,1,NO,2026-10-03T02:31:15.755685+00:00,824.2,50,2026-10-03T02:38:51.751260+00:00,368.2,72,,sold,34,33,187,-4742,1,1,49.5,-8.5,-10.0,18.0,49,61.5,869.2,11.5,119.14,119.1555,0.013,-0.0084,-0.0252,0.0007,0,0,win
KXBTC15M-26OCT022245-45,BTC,PAPER,1,NO,2026-10-03T02:34:00.235635+00:00,659.8,49,,,0,yes,settled,0,18,-508,-5250,4,1,48.5,3.0,7.0,17.0,60,60.5,879.2,10.5,84643.48,84642.18,-0.0015,0.0025,-0.0025,0.0025,1,1,loss
KXETH15M-26OCT022245-45,ETH,PAPER,1,NO,2026-10-03T02:34:40.753556+00:00,619.2,49,,,0,yes,settled,0,18,-508,-5758,4,1,48.5,-6.0,-6.0,17.0,58,62.5,869.2,12.5,2679.26,2679.5,0.009,-0.0034,0.006,-0.0022,2,2,loss
KXXRP15M-26OCT022300-00,XRP,PAPER,1,NO,2026-10-03T02:45:20.758626+00:00,879.2,50,2026-10-03T02:46:44.751094+00:00,795.2,72,,sold,48,33,187,-5571,0,1,49.5,,,10.0,6,49.5,879.2,0.5,1.4878,1.4881,0.0202,0.0202,-0.0067,-0.0013,1,1,win
KXETH15M-26OCT022300-00,ETH,PAPER,1,NO,2026-10-03T02:45:21.755821+00:00,878.2,49,2026-10-03T02:51:09.750328+00:00,530.2,73,,sold,45,32,208,-5363,0,1,48.5,,,15.0,13,36.5,884.2,13.5,2681.26,2681.13,-0.0048,0.0138,-0.0291,-0.0002,2,2,loss
KXXRP15M-26OCT030915-15,XRP,PAPER,1,NO,2026-10-03T13:04:42.196116+00:00,617.8,48,2026-10-03T13:11:38.197001+00:00,201.8,76,,sold,11,31,249,249,4,1,47.5,29.0,28.0,31.0,57,20.5,703.8,29.5,1.4852,1.4854,0.0135,0.0875,0.0875,-0.0091,1,1,none yet
KXDOGE15M-26OCT030915-15,DOGE,PAPER,1,YES,2026-10-03T13:04:39.196436+00:00,620.8,50,,,0,no,settled,1,18,-518,-269,4,1,49.5,-27.0,-15.5,27.5,58,63.5,703.8,13.5,0.0927,0.0928,-0.0377,-0.0216,-0.0431,-0.0111,0,0,none yet
