window,asset,class,mode,trade_no,side,buy_iso,buy_s2c,buy_px,sell_iso,sell_s2c,sell_px,result,reason,lowest_bid_held,fees_c,net_c,run_net_c,minute_in_market,spread_c,side_mid_c,dir30_c,dir60_c,range60_c,ticks60,open_side_mid_c,open_seen_s2c,open_lean_c,spot_px,strike,spot_dist_pct,spot_chg30_pct,spot_chg60_pct,btc_chg60_pct,open_positions,cycle_bought_before,prev_result_same_asset,book_bid_qty,book_ask_qty,book_bid_qty3,book_ask_qty3
KXXRP15M-26OCT030945-45,XRP,crypto,PAPER,1,YES,2026-10-03T13:30:46.413355+00:00,853.6,42,2026-10-03T13:33:41.414260+00:00,678.6,64,,sold,35,35,185,185,0,1,41.5,-11.0,,12.0,37,52.5,884.6,2.5,1.4835,1.4838,-0.0202,-0.0135,-0.027,-0.0032,1,1,none yet,867.82,57.0,970.82,489.0
KXSOL15M-26OCT030945-45,SOL,crypto,PAPER,1,NO,2026-10-03T13:34:00.178726+00:00,659.8,37,2026-10-03T13:44:07.416165+00:00,52.6,81,,sold,0,28,412,597,4,1,36.5,-14.0,-16.0,20.5,53,49.5,889.6,0.5,119.46,119.447,-0.0109,-0.0084,-0.0084,0.0352,1,2,none yet,0.0,370.83,0.0,1169.83
KXDOGE15M-26OCT030945-45,DOGE,crypto,PAPER,1,NO,2026-10-03T13:30:30.505349+00:00,869.5,41,,,0,yes,settled,0,17,-427,170,0,1,40.5,,,0.0,4,,,,,,,,,0.0022,0,0,none yet,,,,
KXSOL15M-26OCT031000-00,SOL,crypto,PAPER,1,YES,2026-10-03T13:45:13.946732+00:00,886.1,42,2026-10-03T13:46:37.414160+00:00,802.6,62,,sold,38,35,165,335,0,1,41.5,,,1.0,9,,,,119.36,119.3918,-0.0266,0.0084,-0.0586,-0.0298,1,0,win,,,,
KXXRP15M-26OCT031000-00,XRP,crypto,PAPER,1,YES,2026-10-03T13:45:34.413379+00:00,865.6,42,2026-10-03T13:47:39.413013+00:00,740.6,66,,sold,41,34,206,541,0,1,41.5,,,6.0,25,46.0,880.6,4.0,1.4828,1.4832,-0.027,0.0135,0.0202,0.0127,1,1,win,0.0,29.0,60.0,521.0
KXBTC15M-26OCT031000-00,BTC,crypto,PAPER,1,YES,2026-10-03T13:45:34.418630+00:00,865.6,42,2026-10-03T13:48:24.413485+00:00,695.6,62,,sold,38,35,165,706,0,1,41.5,,,1.0,10,,,,84823.58,84838.01,-0.017,0.0018,0.0127,0.0127,2,2,none yet,,,,
KXETH15M-26OCT031000-00,ETH,crypto,PAPER,1,NO,2026-10-03T13:46:36.416786+00:00,803.6,42,,,0,yes,settled,0,18,-438,268,1,1,41.5,-13.0,-15.0,16.0,58,56.5,880.6,6.5,2680.46,2680.66,0.0075,-0.0015,-0.0082,0.0118,3,3,none yet,3.0,500.0,41.0,1500.0
KXDOGE15M-26OCT031000-00,DOGE,crypto,PAPER,1,NO,2026-10-03T13:46:37.413215+00:00,802.6,42,,,0,yes,settled,2,18,-438,-170,1,1,41.5,-15.5,-12.0,17.0,46,57.0,849.6,7.0,0.0927,0.0928,0.0086,-0.0539,-0.0324,0.0206,4,4,loss,0.0,91.0,7.98,826.0
KXDOGE15M-26OCT031015-15,DOGE,crypto,PAPER,1,NO,2026-10-03T14:00:33.415631+00:00,866.6,40,2026-10-03T14:02:39.413917+00:00,740.6,63,,sold,39,34,196,26,0,1,39.5,,,3.0,11,39.5,866.6,10.5,,,,,,0.0044,0,0,loss,933.11,59.28,1103.11,836.28
KXBTC15M-26OCT031015-15,BTC,crypto,PAPER,1,YES,2026-10-03T14:00:37.414226+00:00,862.6,41,,,0,no,settled,0,17,-427,-401,0,1,40.5,-10.0,,10.0,16,50.5,866.6,0.5,84846.44,84856.02,-0.0113,-0.013,-0.0086,-0.0086,1,1,win,0.0,2068.06,0.0,6353.38
KXSOL15M-26OCT031015-15,SOL,crypto,PAPER,1,YES,2026-10-03T14:01:18.414568+00:00,821.6,37,,,0,no,settled,0,17,-387,-788,1,1,36.5,-6.5,-12.0,19.5,58,49.0,886.6,1.0,119.37,119.4117,-0.0349,-0.0335,-0.0251,-0.0364,4,4,win,0.0,0.0,357.0,10.0
KXETH15M-26OCT031015-15,ETH,crypto,PAPER,1,YES,2026-10-03T14:00:51.420302+00:00,848.6,38,,,0,no,settled,0,17,-397,-1185,0,1,37.5,-14.0,,14.0,39,50.5,876.6,0.5,2681.32,2681.51,-0.0071,-0.003,-0.0075,-0.0226,2,2,loss,52.01,15.0,665.02,1018.0
KXXRP15M-26OCT031015-15,XRP,crypto,PAPER,1,YES,2026-10-03T14:01:01.417659+00:00,838.6,41,,,0,no,settled,0,17,-427,-1612,1,1,40.5,-9.0,,9.0,23,46.5,850.6,3.5,1.486,1.4865,-0.0336,-0.0202,-0.0135,-0.0293,3,3,win,0.0,72.11,49.9,587.32
KXSOL15M-26OCT031030-30,SOL,crypto,PAPER,1,NO,2026-10-03T14:15:31.414187+00:00,868.6,42,,,0,yes,settled,0,18,-438,-2050,0,2,41.0,,,12.5,29,52.5,887.6,2.5,119.18,119.1672,-0.0107,-0.0168,-0.0168,0.0036,1,1,loss,0.0,47.0,752.19,783.0
KXBTC15M-26OCT031030-30,BTC,crypto,PAPER,1,NO,2026-10-03T14:15:33.416268+00:00,866.6,42,,,0,yes,settled,0,18,-438,-2488,0,1,41.5,-10.0,,11.0,11,41.5,866.6,8.5,84788.42,84792.09,0.0043,-0.0036,-0.0036,0.0036,3,3,loss,5048.9,1684.27,10729.07,5704.28
KXDOGE15M-26OCT031030-30,DOGE,crypto,PAPER,1,NO,2026-10-03T14:15:33.414485+00:00,866.6,39,,,0,yes,settled,0,17,-407,-2895,0,2,38.0,-8.0,,10.5,10,38.0,866.6,12.0,,,,,,0.0036,2,2,win,992.53,73.01,1074.54,1118.01
KXXRP15M-26OCT031030-30,XRP,crypto,PAPER,1,NO,2026-10-03T14:15:18.414231+00:00,881.6,42,,,0,yes,settled,0,18,-438,-3333,0,1,41.5,,,5.0,12,45.5,882.6,4.5,1.4832,1.4831,-0.0067,-0.0135,-0.0135,0.0036,0,0,loss,42.81,54.0,175.82,503.0
KXETH15M-26OCT031030-30,ETH,crypto,PAPER,1,NO,2026-10-03T14:16:05.416013+00:00,834.6,37,,,0,yes,settled,0,17,-387,-3720,1,2,36.0,-19.5,-15.5,20.0,35,46.5,861.6,3.5,2679.19,2678.9,-0.0108,-0.0116,-0.0317,0.0036,4,4,loss,0.0,613.96,0.0,1663.96
KXSOL15M-26OCT031045-45,SOL,crypto,PAPER,1,NO,2026-10-03T14:31:25.417772+00:00,814.6,42,2026-10-03T14:32:36.413433+00:00,743.6,62,,sold,38,35,165,-3555,1,1,41.5,-13.5,-4.0,15.0,55,45.5,872.6,4.5,119.49,119.4648,-0.0211,-0.0251,-0.0167,0.0,3,3,loss,0.0,20.0,0.0,1117.0
KXETH15M-26OCT031045-45,ETH,crypto,PAPER,1,NO,2026-10-03T14:31:10.418566+00:00,829.6,38,2026-10-03T14:35:02.413291+00:00,597.6,64,,sold,20,34,226,-3329,1,1,37.5,-10.0,-16.0,15.0,56,47.5,877.6,2.5,2681.24,2681.0,-0.009,-0.016,-0.0239,0.0,2,2,loss,0.0,35.1,1167.2,37.1
KXDOGE15M-26OCT031045-45,DOGE,crypto,PAPER,1,NO,2026-10-03T14:30:43.415279+00:00,856.6,38,2026-10-03T14:35:48.414297+00:00,551.6,65,,sold,21,33,237,-3092,0,1,37.5,5.0,,31.0,42,32.5,882.6,17.5,0.0931,0.0931,-0.0494,-0.0,-0.0322,0.0,0,0,loss,43.0,0.0,1053.0,0.0
KXXRP15M-26OCT031045-45,XRP,crypto,PAPER,1,YES,2026-10-03T14:30:55.414494+00:00,844.6,41,2026-10-03T14:41:46.413438+00:00,193.6,64,,sold,14,34,196,-2896,0,1,40.5,-9.0,,17.0,38,57.5,867.6,7.5,1.4848,1.4851,-0.0202,-0.0404,-0.0067,0.0,1,1,loss,0.0,445.05,2.0,1465.05
KXBTC15M-26OCT031045-45,BTC,crypto,PAPER,1,YES,2026-10-03T14:31:55.426181+00:00,784.6,40,,,0,no,settled,0,17,-417,-3313,1,1,39.5,-10.0,-10.0,16.0,60,54.5,882.6,4.5,84805.02,84814.79,-0.0115,-0.0081,-0.0081,-0.0081,4,4,loss,0.0,5764.63,0.0,8310.66
KXSOL15M-26OCT031100-00,SOL,crypto,PAPER,1,NO,2026-10-03T14:45:26.705436+00:00,873.3,42,,,0,yes,settled,0,18,-438,-3751,0,1,41.5,,,3.5,16,,,,119.47,119.4692,-0.0007,0.0167,-0.0084,0.0,1,1,win,,,,
KXXRP15M-26OCT031100-00,XRP,crypto,PAPER,1,NO,2026-10-03T14:45:16.580804+00:00,883.4,41,,,0,yes,settled,0,17,-427,-4178,0,1,40.5,,,10.0,16,,,,1.486,1.4858,-0.0135,-0.0,-0.0135,0.0,0,0,win,,,,
KXBTC15M-26OCT031100-00,BTC,crypto,PAPER,1,NO,2026-10-03T14:45:32.414816+00:00,867.6,38,,,0,yes,settled,0,17,-397,-4575,0,1,37.5,-11.0,,12.0,17,37.5,867.6,12.5,84754.92,84753.89,-0.0012,-0.0093,-0.0093,0.0093,2,2,loss,0.0,5111.39,1959.2,7426.23
KXDOGE15M-26OCT031115-15,DOGE,crypto,PAPER,1,YES,2026-10-03T15:00:31.212396+00:00,868.8,38,,,0,no,settled,0,17,-397,-4972,0,1,37.5,-8.5,,18.5,21,,,,0.0933,0.0934,-0.0686,-0.0214,-0.0536,-0.0291,0,0,win,,,,
KXSOL15M-26OCT031130-30,SOL,crypto,PAPER,1,NO,2026-10-03T15:15:26.415386+00:00,873.6,37,2026-10-03T15:24:49.412789+00:00,310.6,67,,sold,23,33,267,-4705,0,3,35.5,,,7.0,15,35.5,873.6,14.5,119.61,119.5343,-0.0633,0.0668,-0.0586,0.0244,0,0,loss,371.16,366.0,973.87,1183.52
KXBTC15M-26OCT031130-30,BTC,crypto,PAPER,1,NO,2026-10-03T15:15:28.415887+00:00,871.6,37,,,0,yes,settled,0,17,-387,-5092,0,1,36.5,,,10.0,24,33.5,878.6,16.5,84848.52,84829.17,-0.0228,0.0226,-0.0243,0.0243,1,1,loss,2241.77,0.0,8036.77,5249.06
KXETH15M-26OCT031130-30,ETH,crypto,PAPER,1,NO,2026-10-03T15:15:32.415700+00:00,867.6,38,,,0,yes,settled,0,17,-397,-5489,0,2,37.0,,,11.5,27,31.0,878.6,19.0,2681.12,2680.59,-0.0198,0.0254,-0.0351,0.0225,4,4,win,625.88,0.0,1190.88,501.0
KXXRP15M-26OCT031130-30,XRP,crypto,PAPER,1,NO,2026-10-03T15:15:31.415359+00:00,868.6,41,,,0,yes,settled,0,17,-427,-5916,0,1,40.5,,,17.0,16,40.5,868.6,9.5,1.4878,1.4875,-0.0202,0.047,-0.0471,0.0225,2,2,loss,36.0,34.0,1050.74,385.43
KXDOGE15M-26OCT031130-30,DOGE,crypto,PAPER,1,NO,2026-10-03T15:15:31.418215+00:00,868.6,41,,,0,yes,settled,0,17,-427,-6343,0,1,40.5,,,12.0,17,40.5,868.6,9.5,0.0932,0.0931,-0.0236,0.0644,-0.043,0.0225,3,3,loss,93.0,70.0,1132.12,1131.0
KXDOGE15M-26OCT031145-45,DOGE,crypto,PAPER,1,NO,2026-10-03T15:30:31.031792+00:00,869.0,41,2026-10-03T15:33:34.415476+00:00,685.6,62,,sold,35,34,176,-6167,0,1,40.5,,,5.0,15,,,,0.0932,0.0932,-0.0032,-0.0215,-0.0215,-0.037,2,2,loss,,,,
KXSOL15M-26OCT031145-45,SOL,crypto,PAPER,1,YES,2026-10-03T15:31:49.435988+00:00,790.6,41,2026-10-03T15:38:09.412708+00:00,410.6,63,,sold,26,34,186,-5981,1,1,40.5,-13.5,-16.5,18.0,55,55.0,873.6,5.0,119.5,119.5298,-0.0249,-0.0167,-0.0084,-0.0322,4,4,win,0.0,16.0,717.0,775.0
KXBTC15M-26OCT031145-45,BTC,crypto,PAPER,1,YES,2026-10-03T15:30:36.110392+00:00,863.9,37,2026-10-03T15:44:36.414869+00:00,23.6,67,,sold,2,33,267,-5714,0,1,36.5,-2.0,,3.0,16,,,,84806.08,84833.49,-0.0323,-0.0135,-0.037,-0.037,3,3,loss,,,,
KXXRP15M-26OCT031145-45,XRP,crypto,PAPER,1,NO,2026-10-03T15:30:31.027208+00:00,869.0,38,,,0,yes,settled,0,17,-397,-6111,0,1,37.5,,,10.0,16,,,,1.4903,1.4901,-0.0134,-0.0336,-0.0268,-0.037,1,1,loss,,,,
KXETH15M-26OCT031145-45,ETH,crypto,PAPER,1,YES,2026-10-03T15:30:26.416194+00:00,873.6,42,,,0,no,settled,0,18,-438,-6549,0,1,41.5,,,6.0,22,46.5,878.6,3.5,2680.47,2680.86,-0.0145,0.0041,-0.006,-0.0261,0,0,loss,542.0,81.0,1607.01,620.0
KXDOGE15M-26OCT031200-00,DOGE,crypto,PAPER,1,YES,2026-10-03T15:45:15.539006+00:00,884.5,41,2026-10-03T15:46:01.413389+00:00,838.6,62,,sold,40,34,176,-6373,0,1,40.5,,,0.0,8,,,,,,,,,-0.0285,1,0,win,,,,
KXXRP15M-26OCT031200-00,XRP,crypto,PAPER,1,NO,2026-10-03T15:45:32.416195+00:00,867.6,39,2026-10-03T15:48:25.413382+00:00,694.6,62,,sold,30,34,196,-6177,0,1,38.5,,,18.0,13,33.5,868.6,16.5,1.4924,1.4918,-0.0402,-0.0738,-0.0335,-0.0293,2,2,loss,937.81,0.0,1064.81,503.0
KXBTC15M-26OCT031200-00,BTC,crypto,PAPER,1,YES,2026-10-03T15:45:35.899648+00:00,864.1,39,2026-10-03T15:49:13.414059+00:00,646.6,62,,sold,37,34,196,-5981,0,1,38.5,1.0,,1.0,11,,,,84815.08,84834.47,-0.0229,0.0016,-0.0385,-0.0385,3,3,win,,,,
KXSOL15M-26OCT031200-00,SOL,crypto,PAPER,1,NO,2026-10-03T15:45:26.416267+00:00,873.6,41,,,0,yes,settled,0,17,-427,-6408,0,1,40.5,,,15.0,12,40.5,873.6,9.5,119.62,119.6127,-0.0061,-0.0167,-0.0084,-0.0277,1,1,win,410.0,5.0,1132.0,35.0
KXETH15M-26OCT031200-00,ETH,crypto,PAPER,1,NO,2026-10-03T15:45:43.419821+00:00,856.6,38,,,0,yes,settled,0,17,-397,-6805,0,1,37.5,-10.0,,11.0,34,44.5,878.6,5.5,2680.69,2680.49,-0.0075,-0.0056,0.0041,-0.0234,4,4,loss,0.0,2.0,0.0,66.0
KXDOGE15M-26OCT031215-15,DOGE,crypto,PAPER,1,YES,2026-10-03T16:01:21.416683+00:00,818.6,41,,,0,no,settled,0,17,-427,-7232,1,2,40.0,-9.5,-17.5,17.5,57,56.5,869.6,6.5,,,,,,0.0004,2,2,win,0.0,90.0,933.18,1050.66
KXBTC15M-26OCT031215-15,BTC,crypto,PAPER,1,YES,2026-10-03T16:01:33.419039+00:00,806.6,42,,,0,no,settled,1,18,-438,-7670,1,2,41.0,-9.5,-9.5,11.5,59,50.5,864.6,0.5,84854.65,84856.47,-0.0021,-0.0092,-0.0088,-0.0088,4,4,win,0.0,6061.74,0.0,11695.75
KXSOL15M-26OCT031215-15,SOL,crypto,PAPER,1,YES,2026-10-03T16:00:46.416267+00:00,853.6,40,,,0,no,settled,0,17,-417,-8087,0,1,39.5,-15.0,,17.5,31,50.5,859.6,0.5,119.68,119.6982,-0.0152,-0.0251,-0.0167,0.0,1,1,loss,3.0,356.0,735.01,1465.82
KXXRP15M-26OCT031215-15,XRP,crypto,PAPER,1,YES,2026-10-03T16:00:30.122356+00:00,869.9,41,,,0,no,settled,0,17,-427,-8514,0,1,40.5,,,4.0,26,,,,1.4893,1.4901,-0.0537,-0.0201,-0.0336,0.0,0,0,win,,,,
KXETH15M-26OCT031215-15,ETH,crypto,PAPER,1,YES,2026-10-03T16:01:28.419128+00:00,811.6,41,,,0,no,settled,0,17,-427,-8941,1,2,40.0,-8.5,-9.5,10.5,55,49.5,864.6,0.5,2681.12,2681.26,-0.0052,-0.0104,-0.0104,0.0004,3,3,loss,0.0,1.0,540.2,1040.55
KXSOL15M-26OCT031230-30,SOL,crypto,PAPER,1,NO,2026-10-03T16:15:29.368056+00:00,870.6,41,2026-10-03T16:18:13.414021+00:00,706.6,64,,sold,39,34,196,-8745,0,1,40.5,,,5.5,14,,,,119.6,119.585,-0.0125,-0.0084,-0.0418,-0.0078,0,0,loss,,,,
KXXRP15M-26OCT031230-30,XRP,crypto,PAPER,1,YES,2026-10-03T16:20:06.421847+00:00,593.6,42,2026-10-03T16:29:05.413499+00:00,54.6,80,,sold,4,30,350,-8395,5,2,41.0,17.0,19.5,20.5,57,53.5,880.6,3.5,1.4872,1.4882,-0.0672,0.0404,0.0606,-0.0003,3,4,loss,0.0,0.0,777.01,0.0
KXETH15M-26OCT031230-30,ETH,crypto,PAPER,1,YES,2026-10-03T16:16:08.417750+00:00,831.6,40,2026-10-03T16:29:26.413869+00:00,33.6,68,,sold,1,33,247,-8148,1,1,39.5,-13.0,-11.0,14.0,61,52.5,880.6,2.5,2679.14,2679.45,-0.0116,-0.0097,-0.0097,-0.0159,3,3,loss,0.0,51.0,509.2,498.0
KXBTC15M-26OCT031230-30,BTC,crypto,PAPER,1,YES,2026-10-03T16:15:35.424711+00:00,864.6,42,,,0,no,settled,0,18,-438,-8586,0,1,41.5,-8.0,,9.0,16,41.5,864.6,8.5,84814.56,84824.26,-0.0114,-0.0078,-0.0078,-0.0078,1,1,loss,2489.21,1815.31,7216.77,8009.55
KXDOGE15M-26OCT031230-30,DOGE,crypto,PAPER,1,YES,2026-10-03T16:15:45.417335+00:00,854.6,42,,,0,no,settled,0,18,-438,-9024,0,2,41.0,-9.5,,13.5,26,45.5,864.6,4.5,0.093,0.0931,-0.0612,-0.0537,-0.0537,-0.0142,2,2,loss,61.0,0.0,951.0,965.0
KXBTC15M-26OCT031245-45,BTC,crypto,PAPER,1,NO,2026-10-03T16:30:18.690644+00:00,881.3,40,,,0,yes,settled,0,17,-417,-9441,0,1,39.5,,,4.0,16,,,,84803.81,84799.78,-0.0048,-0.0,-0.0223,0.0223,0,0,loss,,,,
KXETH15M-26OCT031245-45,ETH,crypto,PAPER,1,NO,2026-10-03T16:30:39.005074+00:00,861.0,40,,,0,yes,settled,0,17,-417,-9858,0,2,39.0,2.5,,5.0,16,,,,2680.67,2679.59,-0.0403,-0.0254,-0.0254,0.0096,1,1,win,,,,
KXXRP15M-26OCT031245-45,XRP,crypto,PAPER,1,NO,2026-10-03T16:35:43.422396+00:00,556.6,38,,,0,yes,settled,0,17,-397,-10255,5,1,37.5,15.0,22.5,22.0,58,23.5,865.6,26.5,1.4888,1.4885,-0.0202,0.0269,0.0872,-0.0022,4,4,win,0.0,0.0,416.0,0.0
KXDOGE15M-26OCT031245-45,DOGE,crypto,PAPER,1,NO,2026-10-03T16:31:11.421072+00:00,828.6,40,,,0,yes,settled,0,17,-417,-10672,1,3,38.5,3.0,-5.0,9.5,38,35.5,865.6,14.5,0.093,0.093,-0.0312,-0.0107,-0.0538,0.0012,3,3,loss,954.99,0.0,1036.0,673.0
KXSOL15M-26OCT031245-45,SOL,crypto,PAPER,1,NO,2026-10-03T16:31:01.417377+00:00,838.6,37,,,0,yes,settled,0,17,-387,-11059,1,4,35.0,-10.0,,12.5,31,32.5,855.6,17.5,119.63,119.5973,-0.0273,0.0084,-0.0334,0.0096,2,2,win,1.0,0.0,709.97,195.09
KXXRP15M-26OCT031300-00,XRP,crypto,PAPER,1,NO,2026-10-03T16:45:38.417021+00:00,861.6,42,2026-10-03T16:46:32.412762+00:00,807.6,62,,sold,41,35,165,-10894,0,1,41.5,1.0,,5.0,35,43.5,881.6,6.5,1.4901,1.49,-0.0067,0.0067,-0.0336,0.0173,2,2,loss,0.0,25.0,915.76,509.8
KXDOGE15M-26OCT031300-00,DOGE,crypto,PAPER,1,NO,2026-10-03T16:45:32.732994+00:00,867.3,42,2026-10-03T16:47:54.412955+00:00,725.6,62,,sold,41,35,165,-10729,0,1,41.5,,,0.5,15,,,,,,,,,0.0168,1,1,loss,,,,
KXSOL15M-26OCT031300-00,SOL,crypto,PAPER,1,NO,2026-10-03T16:45:27.653667+00:00,872.4,37,2026-10-03T16:48:48.414175+00:00,671.6,62,,sold,29,34,216,-10513,0,2,36.0,,,7.0,15,,,,119.82,119.7767,-0.0362,-0.0585,-0.0417,0.0168,0,0,loss,,,,
KXBTC15M-26OCT031300-00,BTC,crypto,PAPER,1,NO,2026-10-03T16:46:28.417672+00:00,811.6,41,,,0,yes,settled,0,17,-427,-10940,1,1,40.5,8.0,8.0,10.0,61,33.5,881.6,16.5,84824.61,84824.82,0.0002,0.0125,0.012,-0.012,3,3,loss,0.0,0.0,7543.16,0.0
KXETH15M-26OCT031300-00,ETH,crypto,PAPER,1,YES,2026-10-03T16:46:33.422643+00:00,806.6,42,,,0,no,settled,0,18,-438,-11378,1,2,41.0,-12.0,-14.5,14.5,55,54.5,861.6,4.5,2681.49,2681.46,0.0011,-0.0104,-0.0104,-0.0105,3,4,loss,0.0,0.0,0.0,1512.2
KXXRP15M-26OCT031315-15,XRP,crypto,PAPER,1,YES,2026-10-03T17:00:46.419413+00:00,853.6,38,2026-10-03T17:06:03.414049+00:00,536.6,62,,sold,18,34,206,-11172,0,1,37.5,-10.0,,19.0,27,37.5,853.6,12.5,1.4896,1.4901,-0.0336,-0.0201,-0.0134,0.0108,2,2,win,1.0,410.0,467.0,546.8
KXSOL15M-26OCT031315-15,SOL,crypto,PAPER,1,NO,2026-10-03T17:00:58.424811+00:00,841.6,41,,,0,yes,settled,0,17,-427,-11599,0,1,40.5,-3.0,,17.0,55,43.5,872.6,6.5,119.72,119.7187,-0.0011,-0.0084,-0.0167,0.0258,3,3,win,410.0,355.61,1122.03,401.61
KXDOGE15M-26OCT031315-15,DOGE,crypto,PAPER,1,NO,2026-10-03T17:00:31.417482+00:00,868.6,42,,,0,yes,settled,0,18,-438,-12037,0,1,41.5,-8.5,,11.5,25,41.5,868.6,8.5,,,,,,0.004,0,0,win,971.05,61.0,1036.05,128.21
KXBTC15M-26OCT031315-15,BTC,crypto,PAPER,1,NO,2026-10-03T17:00:36.417625+00:00,863.6,42,,,0,yes,settled,1,18,-438,-12475,0,1,41.5,-11.0,,11.0,27,41.5,863.6,8.5,84862.3,84856.61,-0.0067,-0.0108,-0.0128,0.0128,1,1,loss,4829.0,3592.65,8625.41,8642.22
KXSOL15M-26OCT031330-30,SOL,crypto,PAPER,1,YES,2026-10-03T17:15:30.416991+00:00,869.6,42,2026-10-03T17:15:56.413203+00:00,843.6,62,,sold,39,35,165,-12310,0,1,41.5,,,13.0,17,41.5,869.6,8.5,119.8,119.8373,-0.0311,0.0083,-0.025,0.0036,1,1,loss,10.0,722.64,1093.0,1452.64
KXXRP15M-26OCT031330-30,XRP,crypto,PAPER,1,YES,2026-10-03T17:15:56.418882+00:00,843.6,39,2026-10-03T17:16:27.413935+00:00,812.6,62,,sold,38,34,196,-12114,0,1,38.5,6.0,,15.5,37,23.0,864.6,27.0,1.4931,1.4938,-0.0469,0.0268,0.0067,0.0294,3,4,win,76.0,0.0,96.0,0.0
KXETH15M-26OCT031330-30,ETH,crypto,PAPER,1,NO,2026-10-03T17:15:39.420882+00:00,860.6,41,2026-10-03T17:17:19.413763+00:00,760.6,62,,sold,31,34,176,-11938,0,1,40.5,-4.0,,10.0,21,50.5,864.6,0.5,2684.41,2684.36,-0.0019,0.0197,-0.0175,0.0128,2,2,loss,31.01,1.0,665.03,1450.8
KXDOGE15M-26OCT031330-30,DOGE,crypto,PAPER,1,YES,2026-10-03T17:15:28.420281+00:00,871.6,37,2026-10-03T17:18:45.414797+00:00,674.6,62,,sold,32,34,216,-11722,0,1,36.5,,,14.0,23,47.5,879.6,2.5,0.0933,0.0933,-0.0064,0.0,0.0,0.0036,0,0,loss,92.0,908.0,1630.0,1072.0
KXBTC15M-26OCT031330-30,BTC,crypto,PAPER,1,NO,2026-10-03T17:15:39.426174+00:00,860.6,38,,,0,yes,settled,0,17,-397,-12119,0,1,37.5,-11.0,,12.0,21,48.5,864.6,1.5,84882.46,84873.43,-0.0106,-0.0128,-0.0128,0.0128,3,3,loss,0.0,5120.31,0.0,9577.7
KXSOL15M-26OCT031345-45,SOL,crypto,PAPER,1,YES,2026-10-03T17:30:44.308609+00:00,855.7,40,2026-10-03T17:32:24.489753+00:00,755.5,63,,sold,23,34,196,-11923,0,1,39.5,-8.5,,8.5,16,,,,119.67,119.7512,-0.0678,-0.0501,-0.0418,-0.0293,1,1,win,,,,
KXBTC15M-26OCT031345-45,BTC,crypto,PAPER,1,YES,2026-10-03T17:35:29.494505+00:00,570.5,40,2026-10-03T17:37:20.490055+00:00,459.5,66,,sold,34,33,227,-11696,5,1,39.5,7.0,27.0,27.0,61,25.5,865.6,24.5,84878.26,84893.66,-0.0181,0.0086,0.0363,0.0363,2,3,loss,4576.58,0.0,8874.58,0.0
KXETH15M-26OCT031345-45,ETH,crypto,PAPER,1,YES,2026-10-03T17:35:04.503881+00:00,595.5,38,2026-10-03T17:37:28.490465+00:00,451.5,63,,sold,23,34,216,-11480,5,1,37.5,29.0,29.5,30.0,60,34.5,865.6,15.5,2683.26,2683.7,-0.0164,0.0541,0.0488,0.0414,1,2,win,540.0,0.0,1191.0,0.0
KXXRP15M-26OCT031345-45,XRP,crypto,PAPER,1,YES,2026-10-03T17:30:19.417796+00:00,880.6,42,2026-10-03T17:43:59.489775+00:00,60.5,69,,sold,5,33,237,-11243,0,1,41.5,,,7.5,17,41.5,880.6,8.5,1.4922,1.4927,-0.0335,-0.0134,-0.0536,-0.0238,0,0,win,34.0,48.0,544.09,558.58
KXETH15M-26OCT031400-00,ETH,crypto,PAPER,1,YES,2026-10-03T17:45:23.283140+00:00,876.7,38,2026-10-03T17:50:26.489777+00:00,573.5,72,,sold,24,32,308,-10935,0,1,37.5,,,21.0,20,,,,2684.51,2684.91,-0.0149,-0.0398,-0.0104,-0.0021,0,0,win,,,,
KXDOGE15M-26OCT031400-00,DOGE,crypto,PAPER,1,YES,2026-10-03T17:45:33.495492+00:00,866.5,41,2026-10-03T17:50:27.490524+00:00,572.5,62,,sold,26,34,176,-10759,0,1,40.5,,,16.5,20,40.5,866.5,9.5,,,,,,-0.0068,2,2,win,1.0,68.0,969.0,1057.4
KXBTC15M-26OCT031400-00,BTC,crypto,PAPER,1,YES,2026-10-03T17:45:48.650256+00:00,851.4,41,2026-10-03T17:50:30.490249+00:00,569.5,63,,sold,23,34,186,-10573,0,1,40.5,-9.0,,24.0,20,,,,84917.01,84950.17,-0.039,-0.0447,-0.0616,-0.0616,3,3,win,,,,
KXXRP15M-26OCT031400-00,XRP,crypto,PAPER,1,YES,2026-10-03T17:45:33.397677+00:00,866.6,38,2026-10-03T17:52:49.489669+00:00,430.5,67,,sold,17,33,257,-10316,0,1,37.5,,,16.5,20,,,,1.4921,1.493,-0.0603,-0.0737,-0.0737,-0.0068,1,1,win,,,,
KXSOL15M-26OCT031400-00,SOL,crypto,PAPER,1,YES,2026-10-03T17:46:17.494817+00:00,822.5,37,,,0,no,settled,0,17,-387,-10703,1,1,36.5,7.0,-2.0,11.0,39,29.5,855.5,20.5,119.93,120.0197,-0.0747,0.0167,-0.0083,-0.0176,4,4,win,10.0,0.0,393.0,0.0
KXDOGE15M-26OCT031415-15,DOGE,crypto,PAPER,1,YES,2026-10-03T18:00:43.495048+00:00,856.5,42,2026-10-03T18:01:38.489401+00:00,801.5,65,,sold,41,34,196,-10507,0,1,41.5,-15.5,,17.0,25,43.5,866.5,6.5,0.0932,0.0932,-0.045,-0.0322,-0.0322,-0.0296,3,3,win,0.0,19.0,1215.09,165.0
KXXRP15M-26OCT031415-15,XRP,crypto,PAPER,1,YES,2026-10-03T18:00:33.113636+00:00,866.9,39,2026-10-03T18:01:48.489199+00:00,791.5,62,,sold,37,34,196,-10311,0,1,38.5,-10.0,,11.0,16,,,,1.4924,1.4932,-0.0536,-0.0536,-0.0737,-0.0318,1,1,win,,,,
KXBTC15M-26OCT031415-15,BTC,crypto,PAPER,1,YES,2026-10-03T18:00:47.495342+00:00,852.5,37,2026-10-03T18:05:19.492568+00:00,580.5,62,,sold,33,34,216,-10095,0,1,36.5,-1.0,,17.0,46,35.5,881.5,14.5,84974.07,84996.59,-0.0265,-0.0042,-0.0284,-0.0284,4,4,win,6439.3,0.0,9023.79,726.86
KXETH15M-26OCT031415-15,ETH,crypto,PAPER,1,YES,2026-10-03T18:00:38.203942+00:00,861.8,37,2026-10-03T18:06:48.489089+00:00,491.5,64,,sold,29,34,236,-9859,0,1,36.5,-6.0,,10.0,16,,,,2687.43,2688.88,-0.0539,-0.0365,-0.0621,-0.0318,2,2,win,,,,
KXSOL15M-26OCT031415-15,SOL,crypto,PAPER,1,YES,2026-10-03T18:00:28.054272+00:00,872.0,37,2026-10-03T18:06:48.490483+00:00,491.5,62,,sold,35,34,216,-9643,0,1,36.5,,,14.5,15,,,,119.93,119.9953,-0.0544,-0.0417,-0.0667,-0.0317,0,0,loss,,,,
KXDOGE15M-26OCT031430-30,DOGE,crypto,PAPER,1,NO,2026-10-03T18:15:42.501130+00:00,857.5,41,2026-10-03T18:17:07.490829+00:00,772.5,62,,sold,40,34,176,-9467,0,1,40.5,-12.0,,13.0,29,53.5,876.5,3.5,0.0932,0.0932,0.0011,-0.0107,-0.0107,0.02,3,3,win,83.0,108.01,214.03,1012.92
KXSOL15M-26OCT031430-30,SOL,crypto,PAPER,1,NO,2026-10-03T18:15:38.504130+00:00,861.5,42,2026-10-03T18:17:35.490028+00:00,744.5,63,,sold,32,35,175,-9292,0,1,41.5,-11.0,,11.5,36,52.5,887.5,2.5,119.94,119.9188,-0.0177,-0.0334,-0.0417,0.02,0,0,win,0.0,4.66,438.0,1091.86
KXETH15M-26OCT031430-30,ETH,crypto,PAPER,1,NO,2026-10-03T18:16:33.495123+00:00,806.5,39,2026-10-03T18:17:52.491154+00:00,727.5,65,,sold,38,33,227,-9065,1,1,38.5,5.0,-9.0,7.0,55,34.5,861.5,15.5,2687.51,2686.48,-0.0383,-0.0004,-0.0004,0.0166,4,4,win,633.0,0.0,1790.0,0.0
KXBTC15M-26OCT031430-30,BTC,crypto,PAPER,1,NO,2026-10-03T18:15:38.517594+00:00,861.5,38,2026-10-03T18:18:03.489390+00:00,716.5,62,,sold,31,34,206,-8859,0,1,37.5,-10.0,,13.0,16,43.5,866.5,6.5,84996.43,84981.12,-0.018,-0.0169,-0.02,0.02,1,1,win,0.0,0.0,0.0,1310.05
KXXRP15M-26OCT031430-30,XRP,crypto,PAPER,1,NO,2026-10-03T18:15:42.495257+00:00,857.5,40,2026-10-03T18:18:07.490486+00:00,712.5,65,,sold,31,33,217,-8642,0,1,39.5,-9.5,,10.0,35,48.5,881.5,1.5,1.4926,1.492,-0.0402,-0.0402,-0.0402,0.02,2,2,win,0.0,483.0,53.99,568.52
KXXRP15M-26OCT031445-45,XRP,crypto,PAPER,1,YES,2026-10-03T18:31:16.501020+00:00,823.5,42,2026-10-03T18:36:59.489422+00:00,480.5,63,,sold,32,35,175,-8467,1,1,41.5,-14.0,-14.0,14.5,20,42.5,836.5,7.5,1.4922,1.4927,-0.0335,-0.0335,-0.0402,-0.0327,4,4,win,20.0,14.0,1439.0,1395.53
KXDOGE15M-26OCT031445-45,DOGE,crypto,PAPER,1,YES,2026-10-03T18:31:16.494887+00:00,823.5,42,2026-10-03T18:37:02.490831+00:00,477.5,62,,sold,28,35,165,-8302,1,2,41.0,-14.5,-12.5,16.5,45,50.0,861.5,0.0,,,,,,-0.0327,3,3,win,0.0,9.0,984.9,1035.0
KXSOL15M-26OCT031445-45,SOL,crypto,PAPER,1,YES,2026-10-03T18:30:43.497906+00:00,856.5,37,2026-10-03T18:38:11.489808+00:00,408.5,65,,sold,18,33,247,-8055,0,1,36.5,-8.0,,8.0,21,36.5,856.5,13.5,119.82,119.8867,-0.0556,0.0083,-0.0501,0.0,0,0,win,10.0,47.76,749.0,1234.92
KXETH15M-26OCT031445-45,ETH,crypto,PAPER,1,YES,2026-10-03T18:30:50.499259+00:00,849.5,41,,,0,no,settled,0,17,-427,-8482,0,1,40.5,-12.0,,15.0,49,51.5,877.5,1.5,2686.02,2686.15,-0.0048,-0.0127,-0.0127,-0.0038,1,1,win,0.0,647.43,0.0,1710.43
KXBTC15M-26OCT031445-45,BTC,crypto,PAPER,1,YES,2026-10-03T18:30:50.506414+00:00,849.5,40,,,0,no,settled,0,17,-417,-8899,0,2,39.0,-9.5,,12.5,38,49.5,866.5,0.5,84974.75,84978.53,-0.0044,-0.0038,-0.0038,-0.0038,2,2,win,0.0,3203.58,0.0,6382.33
KXBTC15M-26OCT031500-00,BTC,crypto,PAPER,1,NO,2026-10-03T18:46:39.505721+00:00,800.5,42,2026-10-03T18:51:22.492864+00:00,517.5,65,,sold,41,34,196,-8703,1,1,41.5,-5.0,-5.0,6.0,60,47.5,883.5,2.5,84934.81,84931.72,-0.0036,-0.0,-0.0032,0.0032,2,2,loss,0.0,289.65,0.0,3292.92
KXXRP15M-26OCT031500-00,XRP,crypto,PAPER,1,YES,2026-10-03T18:46:40.495511+00:00,799.5,37,,,0,no,settled,0,17,-387,-9090,1,2,36.0,5.5,7.5,7.5,59,34.5,883.5,15.5,1.4916,1.4927,-0.0737,0.0134,0.0201,0.0032,3,3,win,36.54,0.0,112.54,0.0
KXETH15M-26OCT031500-00,ETH,crypto,PAPER,1,YES,2026-10-03T18:49:00.238429+00:00,659.8,42,,,0,no,settled,0,18,-438,-9528,4,1,41.5,0.0,-1.0,3.0,57,52.0,878.5,2.0,2684.92,2685.26,-0.0127,-0.0011,-0.0019,-0.0003,4,4,loss,0.0,0.0,0.0,684.85
KXSOL15M-26OCT031500-00,SOL,crypto,PAPER,1,YES,2026-10-03T18:45:28.495068+00:00,871.5,42,,,0,no,settled,0,18,-438,-9966,0,2,41.0,,,8.0,18,42.0,873.5,8.0,119.92,119.9508,-0.0257,-0.0167,-0.0083,-0.0009,0,0,win,332.4,10.0,1122.4,606.43
KXDOGE15M-26OCT031500-00,DOGE,crypto,PAPER,1,YES,2026-10-03T18:45:36.517638+00:00,863.5,37,,,0,no,settled,0,17,-387,-10353,0,1,36.5,-10.0,,11.5,15,,,,,,,,,0.0075,1,1,win,,,,
KXDOGE15M-26OCT031515-15,DOGE,crypto,PAPER,1,NO,2026-10-03T19:01:03.494731+00:00,836.5,40,2026-10-03T19:01:44.489657+00:00,795.5,62,,sold,39,34,186,-10167,1,1,39.5,-14.0,,15.0,42,52.5,863.5,2.5,0.0932,0.0932,-0.0097,-0.0537,-0.0215,-0.0131,4,4,loss,126.0,14.0,215.0,1083.0
KXBTC15M-26OCT031515-15,BTC,crypto,PAPER,1,YES,2026-10-03T19:00:43.516758+00:00,856.5,41,,,0,no,settled,0,17,-427,-10594,0,1,40.5,-7.0,,9.0,39,48.5,879.5,1.5,84931.52,84934.77,-0.0038,-0.0025,-0.0119,-0.0119,3,3,win,0.0,1731.27,0.0,7295.1
KXSOL15M-26OCT031515-15,SOL,crypto,PAPER,1,YES,2026-10-03T19:00:43.502809+00:00,856.5,40,,,0,no,settled,0,17,-417,-11011,0,2,39.0,-13.5,,14.5,30,52.5,873.5,2.5,119.91,119.9407,-0.0256,-0.0167,-0.0417,-0.0119,1,1,loss,0.0,25.0,369.0,814.0
KXETH15M-26OCT031515-15,ETH,crypto,PAPER,1,YES,2026-10-03T19:00:43.495878+00:00,856.5,41,,,0,no,settled,0,17,-427,-11438,0,1,40.5,-11.5,,14.0,39,53.5,879.5,3.5,2684.57,2684.6,-0.0011,-0.0119,-0.0093,-0.0119,0,0,loss,0.0,546.0,6.18,2067.19
KXXRP15M-26OCT031515-15,XRP,crypto,PAPER,1,YES,2026-10-03T19:00:43.509715+00:00,856.5,40,,,0,no,settled,0,17,-417,-11855,0,2,39.0,-8.0,,8.5,28,46.5,868.5,3.5,1.4897,1.4904,-0.047,-0.0268,-0.0403,-0.0119,2,2,loss,0.0,12.0,585.0,472.0
KXBTC15M-26OCT031530-30,BTC,crypto,PAPER,1,NO,2026-10-03T19:16:29.496381+00:00,810.5,37,2026-10-03T19:18:53.489683+00:00,666.5,63,,sold,36,34,226,-11629,1,1,36.5,7.0,3.0,15.0,61,35.5,879.5,14.5,84873.11,84856.01,-0.0202,-0.0031,-0.0107,0.0107,2,2,loss,498.13,0.0,3467.13,0.0
KXXRP15M-26OCT031530-30,XRP,crypto,PAPER,1,NO,2026-10-03T19:15:57.496117+00:00,842.5,39,2026-10-03T19:19:06.489189+00:00,653.5,66,,sold,20,33,237,-11392,0,1,38.5,-9.0,,14.0,36,51.5,864.5,1.5,1.4882,1.4882,-0.0,-0.0269,-0.0336,0.0226,1,1,loss,0.0,31.81,0.0,495.81
KXETH15M-26OCT031530-30,ETH,crypto,PAPER,1,NO,2026-10-03T19:19:00.495480+00:00,659.5,42,2026-10-03T19:19:40.489319+00:00,619.5,62,,sold,39,35,165,-11227,4,1,41.5,7.0,5.0,11.0,61,31.5,879.5,18.5,2684.41,2684.13,-0.0104,0.0048,0.0037,-0.0033,3,4,loss,462.01,0.0,1941.01,0.0
KXDOGE15M-26OCT031530-30,DOGE,crypto,PAPER,1,NO,2026-10-03T19:15:24.790068+00:00,875.2,40,2026-10-03T19:19:45.489460+00:00,614.5,66,,sold,17,33,227,-11000,0,2,39.0,,,12.0,15,,,,,,,,,0.0152,0,0,win,,,,
KXSOL15M-26OCT031530-30,SOL,crypto,PAPER,1,NO,2026-10-03T19:19:00.152588+00:00,659.9,41,2026-10-03T19:23:51.490511+00:00,368.5,63,,sold,34,34,186,-10814,4,2,40.0,5.0,3.0,11.5,57,30.5,869.5,19.5,119.82,119.805,-0.0125,0.0167,0.0167,-0.0033,2,3,loss,0.0,0.0,357.0,0.0
KXXRP15M-26OCT031545-45,XRP,crypto,PAPER,1,YES,2026-10-03T19:30:34.124779+00:00,865.9,40,2026-10-03T19:31:21.489415+00:00,818.5,65,,sold,39,33,217,-10597,0,1,39.5,-8.0,,12.0,30,,,,1.4873,1.4881,-0.0538,0.0067,-0.0134,0.0073,0,0,win,,,,
KXETH15M-26OCT031545-45,ETH,crypto,PAPER,1,YES,2026-10-03T19:31:39.503997+00:00,800.5,38,2026-10-03T19:38:08.489748+00:00,411.5,62,,sold,15,34,206,-10391,1,1,37.5,-9.0,-12.0,11.0,59,48.5,865.5,1.5,2681.76,2682.3,-0.0201,-0.0011,-0.0089,0.0044,1,2,win,0.0,534.0,0.0,1536.0
KXDOGE15M-26OCT031545-45,DOGE,crypto,PAPER,1,YES,2026-10-03T19:30:39.216115+00:00,860.8,41,2026-10-03T19:38:54.488778+00:00,365.5,63,,sold,16,34,186,-10205,0,1,40.5,5.0,,10.0,29,,,,,,,,,0.0073,1,1,win,,,,
KXSOL15M-26OCT031545-45,SOL,crypto,PAPER,1,YES,2026-10-03T19:31:40.498921+00:00,799.5,41,,,0,no,settled,0,17,-427,-10632,1,1,40.5,-11.0,-10.0,14.5,55,48.5,855.5,1.5,119.78,119.8097,-0.0248,0.0083,-0.0083,0.0044,2,3,win,0.0,396.0,0.0,1112.01
KXBTC15M-26OCT031545-45,BTC,crypto,PAPER,1,YES,2026-10-03T19:31:41.495528+00:00,798.5,40,,,0,no,settled,0,17,-417,-11049,1,1,39.5,-7.0,-8.0,9.0,53,45.5,850.5,4.5,84815.53,84830.61,-0.0178,-0.0,0.0003,0.0003,3,4,win,0.0,237.75,0.0,509.75
KXSOL15M-26OCT031600-00,SOL,crypto,PAPER,1,YES,2026-10-03T19:45:43.121673+00:00,856.9,38,2026-10-03T19:52:32.489639+00:00,447.5,65,,sold,22,33,237,-10812,0,1,37.5,0.0,,1.0,5,,,,119.67,119.7183,-0.0403,0.0084,-0.0334,-0.0322,3,3,loss,,,,
KXETH15M-26OCT031600-00,ETH,crypto,PAPER,1,YES,2026-10-03T19:50:27.495923+00:00,572.5,40,2026-10-03T19:53:05.490102+00:00,414.5,64,,sold,39,34,206,-10606,5,1,39.5,11.0,16.0,27.0,61,33.5,876.5,16.5,2682.86,2683.22,-0.0134,0.0216,0.0302,0.0208,4,4,win,0.0,0.0,34.0,0.0
KXBTC15M-26OCT031600-00,BTC,crypto,PAPER,1,YES,2026-10-03T19:45:25.496336+00:00,874.5,37,2026-10-03T19:54:48.521633+00:00,311.5,77,,sold,16,30,370,-10236,0,1,36.5,,,3.0,13,34.5,881.5,15.5,84765.81,84798.53,-0.0386,-0.0319,-0.0269,-0.0269,1,1,loss,7517.56,0.0,9831.56,1019.58
KXDOGE15M-26OCT031600-00,DOGE,crypto,PAPER,1,YES,2026-10-03T19:45:07.418640+00:00,892.6,39,2026-10-03T19:54:48.534614+00:00,311.5,70,,sold,8,32,278,-9958,0,1,38.5,,,0.0,3,,,,,,,,,-0.0293,2,0,win,,,,
KXXRP15M-26OCT031600-00,XRP,crypto,PAPER,1,YES,2026-10-03T19:45:32.978997+00:00,867.0,37,2026-10-03T19:54:49.489576+00:00,310.5,65,,sold,18,33,247,-9711,0,1,36.5,0.0,,0.0,5,,,,1.4878,1.4887,-0.0605,0.0134,-0.0336,-0.0347,2,2,win,,,,
KXDOGE15M-26OCT031615-15,DOGE,crypto,PAPER,1,NO,2026-10-03T20:00:36.495959+00:00,863.5,41,,,0,yes,settled,0,17,-427,-10138,0,1,40.5,-6.0,,12.0,22,47.5,877.5,2.5,0.0931,0.0931,0.0193,0.0107,-0.0215,0.0075,3,3,win,0.0,165.0,2.06,356.04
KXSOL15M-26OCT031615-15,SOL,crypto,PAPER,1,NO,2026-10-03T20:00:12.495936+00:00,887.5,41,,,0,yes,settled,0,17,-427,-10565,0,1,40.5,,,8.5,11,40.5,887.5,9.5,119.78,119.7883,0.0069,-0.0,-0.0167,0.0,0,0,win,351.0,15.0,1101.01,35.0
KXETH15M-26OCT031615-15,ETH,crypto,PAPER,1,NO,2026-10-03T20:00:45.506605+00:00,854.5,40,,,0,yes,settled,0,17,-417,-10982,0,1,39.5,-11.5,,11.5,34,45.5,877.5,4.5,2685.53,2685.34,-0.0071,-0.0119,-0.0138,0.0075,4,4,win,0.0,45.0,0.0,1545.0
KXBTC15M-26OCT031615-15,BTC,crypto,PAPER,1,NO,2026-10-03T20:00:32.519663+00:00,867.5,41,,,0,yes,settled,0,17,-427,-11409,0,1,40.5,,,11.0,11,40.5,867.5,9.5,84843.36,84834.38,-0.0106,-0.0075,-0.0075,0.0075,2,2,win,6639.56,3490.33,10143.88,7519.01
KXXRP15M-26OCT031615-15,XRP,crypto,PAPER,1,NO,2026-10-03T20:00:32.504345+00:00,867.5,41,,,0,yes,settled,0,17,-427,-11836,0,1,40.5,,,14.0,11,40.5,867.5,9.5,1.4888,1.4886,-0.0134,-0.047,-0.0336,0.0075,1,1,win,16.0,36.0,141.0,567.93
KXBTC15M-26OCT031630-30,BTC,crypto,PAPER,1,NO,2026-10-03T20:15:22.496486+00:00,877.5,40,2026-10-03T20:16:57.497372+00:00,782.5,62,,sold,36,34,186,-11650,0,1,39.5,,,11.0,13,42.5,878.5,7.5,84887.39,84873.32,-0.0166,-0.0157,-0.0187,0.0187,0,0,loss,0.0,3918.44,6097.94,7200.34
KXSOL15M-26OCT031630-30,SOL,crypto,PAPER,1,YES,2026-10-03T20:16:57.496583+00:00,782.5,41,2026-10-03T20:19:08.489535+00:00,651.5,63,,sold,39,34,186,-11464,1,2,40.0,-8.5,-8.5,16.0,58,50.5,858.5,0.5,119.9,119.9373,-0.0311,-0.0167,-0.0167,-0.0143,4,4,loss,0.0,386.0,0.0,1155.0
KXXRP15M-26OCT031630-30,XRP,crypto,PAPER,1,YES,2026-10-03T20:16:54.496839+00:00,785.5,41,2026-10-03T20:19:28.488751+00:00,631.5,62,,sold,34,34,176,-11288,1,1,40.5,-9.0,-6.0,13.0,60,47.5,884.4,2.5,1.49,1.4905,-0.0335,-0.0268,-0.0134,-0.002,3,3,loss,0.0,392.0,93.0,509.0
KXETH15M-26OCT031630-30,ETH,crypto,PAPER,1,NO,2026-10-03T20:16:10.496082+00:00,829.5,42,,,0,yes,settled,0,18,-438,-11726,1,1,41.5,-4.5,-15.0,14.0,55,50.5,878.5,0.5,2687.59,2687.41,-0.0067,-0.006,-0.0212,0.001,1,1,loss,0.0,812.3,7.2,1992.3
KXDOGE15M-26OCT031630-30,DOGE,crypto,PAPER,1,NO,2026-10-03T20:16:33.502600+00:00,806.5,41,,,0,yes,settled,0,17,-427,-12153,1,1,40.5,-2.5,-7.0,12.0,59,50.5,878.5,0.5,,,,,,-0.0081,2,2,loss,0.0,69.52,0.0,215.58
KXDOGE15M-26OCT031645-45,DOGE,crypto,PAPER,1,YES,2026-10-03T20:30:56.496697+00:00,843.5,39,,,0,no,settled,0,17,-407,-12560,0,1,38.5,-8.0,,10.0,45,46.5,874.5,3.5,0.0932,0.0933,-0.0461,-0.0214,-0.0214,-0.0077,3,3,loss,2.0,955.0,154.0,1271.0
KXSOL15M-26OCT031645-45,SOL,crypto,PAPER,1,YES,2026-10-03T20:30:33.497071+00:00,866.5,41,,,0,no,settled,0,17,-427,-12987,0,1,40.5,,,12.0,20,51.5,869.5,1.5,120.02,120.0403,-0.0169,0.0,0.0,-0.0077,1,1,win,0.0,412.0,355.28,449.0
KXBTC15M-26OCT031645-45,BTC,crypto,PAPER,1,YES,2026-10-03T20:31:02.496665+00:00,837.5,42,,,0,no,settled,0,18,-438,-13425,1,1,41.5,-3.0,,13.0,59,42.5,880.5,7.5,84874.58,84883.92,-0.011,-0.0,-0.0077,-0.0077,4,4,win,0.0,2150.35,0.0,7709.36
KXETH15M-26OCT031645-45,ETH,crypto,PAPER,1,YES,2026-10-03T20:30:19.532673+00:00,880.5,42,,,0,no,settled,1,18,-438,-13863,0,1,41.5,,,9.0,16,41.5,880.5,8.5,2687.47,2687.78,-0.0115,-0.0037,-0.0153,-0.0077,0,0,loss,,,,
KXXRP15M-26OCT031645-45,XRP,crypto,PAPER,1,YES,2026-10-03T20:30:45.496583+00:00,854.5,39,,,0,no,settled,0,17,-407,-14270,0,1,38.5,-4.0,,11.0,27,45.5,864.5,4.5,1.4904,1.4911,-0.0469,-0.0201,-0.0134,-0.0077,2,2,win,0.0,987.21,55.0,1063.21
KXBTC15M-26OCT031700-00,BTC,crypto,PAPER,1,NO,2026-10-03T20:46:19.497072+00:00,820.5,39,2026-10-03T20:49:03.490126+00:00,656.5,62,,sold,36,34,196,-14074,1,1,38.5,-10.0,-11.0,11.0,47,49.5,866.5,0.5,84847.19,84847.22,0.0,-0.0031,0.0025,-0.0025,4,4,loss,0.0,0.0,0.0,4506.32
KXDOGE15M-26OCT031700-00,DOGE,crypto,PAPER,1,NO,2026-10-03T20:46:00.496993+00:00,839.5,41,2026-10-03T20:49:14.494944+00:00,645.5,66,,sold,27,33,217,-13857,1,1,40.5,-2.5,,5.0,52,44.5,876.5,5.5,,,,,,0.0,3,3,loss,975.67,1.01,1124.73,1676.46
KXSOL15M-26OCT031700-00,SOL,crypto,PAPER,1,NO,2026-10-03T20:45:42.732923+00:00,857.3,38,2026-10-03T20:49:14.495978+00:00,645.5,62,,sold,29,34,206,-13651,0,1,37.5,-10.0,,10.0,14,,,,119.89,119.9292,0.0327,0.025,-0.0,-0.0009,2,2,loss,,,,
KXXRP15M-26OCT031700-00,XRP,crypto,PAPER,1,NO,2026-10-03T20:45:27.518850+00:00,872.5,37,2026-10-03T20:49:15.489428+00:00,644.5,62,,sold,18,34,216,-13435,0,1,36.5,,,12.0,25,45.5,882.5,4.5,1.4905,1.4906,0.0067,-0.0201,-0.0134,0.0027,0,0,loss,0.0,75.0,498.0,199.0
KXETH15M-26OCT031700-00,ETH,crypto,PAPER,1,NO,2026-10-03T20:45:37.678489+00:00,862.3,42,2026-10-03T20:49:23.491337+00:00,636.5,63,,sold,12,35,175,-13260,0,1,41.5,-8.0,,9.0,15,,,,2687.42,2686.95,-0.0175,-0.0201,-0.022,-0.0029,1,1,loss,,,,
KXBTC15M-26OCT031715-15,BTC,crypto,PAPER,1,NO,2026-10-03T21:00:53.498151+00:00,846.5,41,2026-10-03T21:03:38.490777+00:00,681.5,62,,sold,23,34,176,-13084,0,1,40.5,-4.0,,9.0,40,43.5,864.5,6.5,84739.21,84739.29,0.0001,-0.0019,-0.0,0.0,1,1,win,0.0,10023.15,3260.21,12754.73
KXXRP15M-26OCT031715-15,XRP,crypto,PAPER,1,NO,2026-10-03T21:01:00.507602+00:00,839.5,39,2026-10-03T21:03:38.497541+00:00,681.5,62,,sold,21,34,196,-12888,1,1,38.5,-8.0,,8.5,36,45.5,854.5,4.5,1.4902,1.4902,-0.0,-0.0067,-0.0067,0.0129,2,2,win,0.0,5.0,953.08,117.0
KXSOL15M-26OCT031715-15,SOL,crypto,PAPER,1,NO,2026-10-03T21:00:38.497151+00:00,861.5,42,2026-10-03T21:04:03.489155+00:00,656.5,63,,sold,16,35,175,-12713,0,1,41.5,-4.0,,5.0,30,44.5,874.5,5.5,119.8,119.8165,0.0138,0.0083,0.0083,0.0,0,0,win,0.0,415.0,724.0,440.0
KXETH15M-26OCT031715-15,ETH,crypto,PAPER,1,NO,2026-10-03T21:01:00.534398+00:00,839.5,37,2026-10-03T21:04:13.489766+00:00,646.5,62,,sold,23,34,216,-12497,1,1,36.5,-12.0,,12.0,32,45.5,849.5,4.5,2687.1,2686.61,-0.0182,-0.0201,-0.0242,0.0121,3,3,win,0.0,509.0,0.0,1612.0
KXXRP15M-26OCT031730-30,XRP,crypto,PAPER,1,NO,2026-10-03T21:15:32.582623+00:00,867.4,42,2026-10-03T21:19:29.558732+00:00,630.4,62,,sold,23,35,165,-12332,0,1,41.5,,,0.0,1,41.5,867.4,8.5,1.4893,1.4891,-0.0134,-0.0269,-0.0269,0.0047,2,2,win,913.01,25.0,1079.01,1621.0
KXDOGE15M-26OCT031730-30,DOGE,crypto,PAPER,1,NO,2026-10-03T21:15:53.566247+00:00,846.4,42,2026-10-03T21:20:21.558871+00:00,578.4,67,,sold,25,34,216,-12116,0,1,41.5,,,3.5,12,44.5,862.4,5.5,,,,,,-0.0017,3,3,win,0.0,1.0,1104.36,939.0
KXSOL15M-26OCT031730-30,SOL,crypto,PAPER,1,NO,2026-10-03T21:15:11.791703+00:00,888.2,42,2026-10-03T21:20:51.559184+00:00,548.4,62,,sold,24,35,165,-11951,0,1,41.5,,,,0,,,,,,,,,0.0139,0,0,win,,,,
KXETH15M-26OCT031730-30,ETH,crypto,PAPER,1,NO,2026-10-03T21:16:09.565619+00:00,830.4,38,2026-10-03T21:26:43.559017+00:00,196.4,63,,sold,20,34,216,-11735,1,1,37.5,-7.0,,7.0,33,44.5,862.4,5.5,2687.0,2686.66,-0.0127,-0.0037,-0.0037,0.001,4,4,win,0.0,93.0,658.2,1474.0
KXBTC15M-26OCT031730-30,BTC,crypto,PAPER,1,NO,2026-10-03T21:15:18.566048+00:00,881.4,42,,,0,yes,settled,3,18,-438,-12173,0,1,41.5,,,7.0,18,48.5,898.4,1.5,,,,-0.0008,-0.0099,0.0099,1,1,win,0.0,1041.76,0.0,5651.0
KXETH15M-26OCT031745-45,ETH,crypto,PAPER,1,NO,2026-10-03T21:30:19.804902+00:00,880.2,41,2026-10-03T21:32:01.558809+00:00,778.4,64,,sold,39,34,196,-11977,0,1,40.5,,,9.0,15,,,,2685.86,2685.47,-0.0145,-0.0138,-0.0142,0.0072,0,0,win,,,,
KXXRP15M-26OCT031745-45,XRP,crypto,PAPER,1,YES,2026-10-03T21:34:00.467979+00:00,659.5,41,2026-10-03T21:34:08.559840+00:00,651.4,67,,sold,41,33,227,-11750,4,1,40.5,-12.0,-12.0,15.0,58,57.5,879.4,7.5,1.4872,1.4877,-0.0336,0.0,-0.0134,-0.0,1,2,win,0.0,0.0,0.0,13.0
KXSOL15M-26OCT031745-45,SOL,crypto,PAPER,1,NO,2026-10-03T21:34:08.570111+00:00,651.4,37,2026-10-03T21:38:33.559197+00:00,386.4,62,,sold,30,34,216,-11534,4,2,36.0,-21.5,-17.0,22.0,54,51.5,859.4,1.5,119.65,119.6115,-0.0322,-0.0669,-0.0669,0.0421,2,4,win,0.0,5.0,708.0,711.0
KXBTC15M-26OCT031745-45,BTC,crypto,PAPER,1,NO,2026-10-03T21:30:35.004360+00:00,865.0,41,2026-10-03T21:43:35.559523+00:00,84.4,62,,sold,3,34,176,-11358,0,1,40.5,-4.0,,5.0,16,,,,84703.92,84694.41,-0.0112,-0.0043,-0.0086,0.0086,1,1,loss,,,,
KXDOGE15M-26OCT031745-45,DOGE,crypto,PAPER,1,NO,2026-10-03T21:34:00.484709+00:00,659.5,41,2026-10-03T21:43:54.558737+00:00,65.4,73,,sold,8,31,289,-11069,4,1,40.5,-2.0,-2.0,4.5,59,43.0,859.4,7.0,,,,,,-0.0,2,3,win,0.0,84.44,0.01,1124.11
KXXRP15M-26OCT031800-00,XRP,crypto,PAPER,1,NO,2026-10-03T21:45:18.144941+00:00,881.9,40,2026-10-03T21:54:48.559063+00:00,311.4,62,,sold,19,34,186,-10883,0,1,39.5,,,9.5,16,,,,1.487,1.4871,0.0067,-0.0067,0.0067,0.0134,0,0,win,,,,
KXETH15M-26OCT031800-00,ETH,crypto,PAPER,1,NO,2026-10-03T21:45:23.232077+00:00,876.8,38,2026-10-03T21:54:51.563409+00:00,308.4,62,,sold,11,34,206,-10677,0,1,37.5,,,4.0,15,,,,2685.63,2685.26,-0.0138,-0.0045,-0.0101,0.0171,1,1,win,,,,
KXSOL15M-26OCT031800-00,SOL,crypto,PAPER,1,NO,2026-10-03T21:45:28.286065+00:00,871.7,38,2026-10-03T21:59:06.562268+00:00,53.4,70,,sold,1,32,288,-10389,0,1,37.5,,,11.0,15,,,,119.63,119.6258,-0.0035,-0.0334,-0.0418,0.0171,2,2,win,,,,
KXDOGE15M-26OCT031800-00,DOGE,crypto,PAPER,1,NO,2026-10-03T21:45:38.467448+00:00,861.5,40,,,0,yes,settled,0,17,-417,-10806,0,1,39.5,-6.0,,6.0,14,,,,,,,,,0.0232,3,3,win,,,,
KXSOL15M-26OCT031815-15,SOL,crypto,PAPER,1,YES,2026-10-03T22:01:20.567450+00:00,819.4,42,2026-10-03T22:02:01.559017+00:00,778.4,62,,sold,41,35,165,-10641,1,1,41.5,-2.5,-8.0,8.0,61,48.5,873.4,1.5,,,,,,-0.0075,2,2,win,0.0,2.0,462.01,699.64
KXDOGE15M-26OCT031815-15,DOGE,crypto,PAPER,1,YES,2026-10-03T22:01:14.567604+00:00,825.4,39,2026-10-03T22:02:06.559726+00:00,773.4,62,,sold,38,34,196,-10445,1,1,38.5,-12.0,-11.0,17.0,48,51.5,863.4,1.5,,,,,,-0.0051,1,1,loss,0.0,5.0,624.01,1028.0
KXXRP15M-26OCT031815-15,XRP,crypto,PAPER,1,NO,2026-10-03T22:00:40.567645+00:00,859.4,42,2026-10-03T22:02:58.559463+00:00,721.4,63,,sold,25,35,175,-10270,0,1,41.5,-3.0,,8.5,35,42.5,868.4,7.5,1.4868,1.4868,-0.0,0.0067,-0.0,-0.0055,0,0,win,15.0,109.0,149.01,434.54
KXETH15M-26OCT031815-15,ETH,crypto,PAPER,1,NO,2026-10-03T22:01:57.575758+00:00,782.4,41,2026-10-03T22:03:06.558821+00:00,713.4,63,,sold,23,34,186,-10084,1,1,40.5,-13.0,-11.0,16.0,60,53.5,863.4,3.5,2685.19,2684.82,-0.0138,-0.0212,-0.0212,0.016,4,4,win,0.0,52.0,509.0,127.0
KXBTC15M-26OCT031815-15,BTC,crypto,PAPER,1,NO,2026-10-03T22:01:57.567375+00:00,782.4,40,,,0,yes,settled,0,17,-417,-10501,1,1,39.5,-15.0,-11.0,15.0,61,49.5,863.4,0.5,84718.72,84706.65,-0.0142,-0.0245,-0.016,0.016,3,3,win,0.0,417.63,0.0,1907.63
KXETH15M-26OCT031830-30,ETH,crypto,PAPER,1,NO,2026-10-03T22:15:23.568590+00:00,876.4,41,2026-10-03T22:15:29.558748+00:00,870.4,63,,sold,40,34,186,-10315,0,1,40.5,,,4.0,16,40.5,876.4,9.5,2689.12,2688.48,-0.0238,-0.0279,-0.0219,0.0,0,0,win,6.0,599.0,19.0,1693.0
KXBTC15M-26OCT031830-30,BTC,crypto,PAPER,1,YES,2026-10-03T22:15:34.579131+00:00,865.4,37,2026-10-03T22:28:56.558789+00:00,63.4,64,,sold,6,34,236,-10079,0,1,36.5,-17.0,,19.0,16,36.5,865.4,13.5,84735.01,84776.27,-0.0487,-0.0563,-0.0563,-0.0563,1,2,loss,5066.56,0.0,8497.68,5731.1
KXSOL15M-26OCT031830-30,SOL,crypto,PAPER,1,YES,2026-10-03T22:19:17.567458+00:00,642.4,38,,,0,no,settled,0,17,-397,-10476,4,1,37.5,-5.0,9.0,16.0,58,28.5,855.4,21.5,119.81,119.8378,-0.0232,0.0167,0.0501,0.027,2,3,win,367.0,0.0,1122.0,0.0
KXXRP15M-26OCT031830-30,XRP,crypto,PAPER,1,YES,2026-10-03T22:15:24.568494+00:00,875.4,37,,,0,no,settled,0,17,-387,-10863,0,1,36.5,,,20.0,21,50.5,881.4,0.5,1.4871,1.4884,-0.0873,-0.0806,-0.0941,-0.0433,1,1,win,190.4,16.0,592.4,62.0
KXETH15M-26OCT031845-45,ETH,crypto,PAPER,1,YES,2026-10-03T22:31:37.581551+00:00,802.4,41,2026-10-03T22:39:01.558923+00:00,358.4,62,,sold,39,34,176,-10687,1,1,40.5,-6.0,-9.0,10.0,59,46.5,878.4,3.5,2687.16,2687.42,-0.0097,-0.0048,-0.0082,-0.0009,3,3,win,0.0,509.0,0.0,1509.0
KXDOGE15M-26OCT031845-45,DOGE,crypto,PAPER,1,NO,2026-10-03T22:30:40.586517+00:00,859.4,42,,,0,yes,settled,0,18,-438,-11125,0,1,41.5,-6.0,,10.5,35,47.0,892.4,3.0,,,,,,0.0032,2,2,win,63.0,965.0,248.01,1096.0
KXXRP15M-26OCT031845-45,XRP,crypto,PAPER,1,NO,2026-10-03T22:30:40.568251+00:00,859.4,42,,,0,yes,settled,0,18,-438,-11563,0,1,41.5,-8.0,,14.0,28,49.5,882.4,0.5,1.4867,1.4867,-0.0,-0.0135,-0.0067,0.0032,0,0,loss,0.0,56.0,0.0,1371.0
KXBTC15M-26OCT031845-45,BTC,crypto,PAPER,1,NO,2026-10-03T22:34:21.567529+00:00,638.4,42,,,0,yes,settled,0,18,-438,-12001,4,1,41.5,-5.0,-4.0,6.0,61,48.5,883.4,1.5,84764.3,84761.62,-0.0032,-0.0,-0.0,0.0,4,4,win,0.0,6880.06,0.0,9149.53
KXSOL15M-26OCT031845-45,SOL,crypto,PAPER,1,NO,2026-10-03T22:30:40.577756+00:00,859.4,40,,,0,yes,settled,0,17,-417,-12418,0,1,39.5,-11.0,,11.5,19,51.0,873.4,1.0,119.83,119.8198,-0.0085,-0.025,-0.0167,0.0032,1,1,loss,1.0,21.0,750.01,767.0
KXETH15M-26OCT031900-00,ETH,crypto,PAPER,1,YES,2026-10-03T22:46:10.567653+00:00,829.4,40,2026-10-03T22:51:26.560131+00:00,513.4,62,,sold,26,34,186,-12232,1,1,39.5,-6.0,-9.0,9.0,58,47.5,875.4,2.5,2687.36,2687.42,-0.0022,-0.0004,-0.0067,0.0045,2,2,win,0.0,82.01,0.0,126.01
KXSOL15M-26OCT031900-00,SOL,crypto,PAPER,1,YES,2026-10-03T22:45:29.155785+00:00,870.9,42,2026-10-03T22:51:26.561490+00:00,513.4,65,,sold,25,34,196,-12036,0,1,41.5,,,3.0,21,,,,,,,,,-0.0013,0,0,loss,,,,
KXDOGE15M-26OCT031900-00,DOGE,crypto,PAPER,1,YES,2026-10-03T22:45:39.301840+00:00,860.7,38,2026-10-03T22:51:58.558725+00:00,481.4,62,,sold,20,34,206,-11830,0,1,37.5,-3.5,,6.5,14,,,,0.0929,0.093,-0.0753,-0.0323,-0.0645,-0.0078,1,1,loss,,,,
KXBTC15M-26OCT031900-00,BTC,crypto,PAPER,1,NO,2026-10-03T22:49:00.166559+00:00,659.8,40,2026-10-03T22:55:18.562421+00:00,281.4,66,,sold,28,33,227,-11603,4,1,39.5,1.0,0.0,4.0,60,49.5,865.4,0.5,84793.42,84780.82,-0.0149,-0.0,-0.0,0.0,4,4,loss,0.0,0.0,0.0,4541.39
KXXRP15M-26OCT031900-00,XRP,crypto,PAPER,1,YES,2026-10-03T22:46:57.578040+00:00,782.4,42,,,0,no,settled,0,18,-438,-12041,1,1,41.5,-9.0,-15.0,15.0,60,55.5,865.4,5.5,1.4876,1.4879,-0.0202,-0.0202,-0.0336,0.002,3,3,loss,0.0,60.0,0.0,1384.56
KXBTC15M-26OCT031915-15,BTC,crypto,PAPER,1,NO,2026-10-03T23:00:44.567443+00:00,855.4,41,2026-10-03T23:06:44.560700+00:00,495.4,64,,sold,37,34,196,-11845,0,1,40.5,-15.0,,16.0,32,47.5,865.4,2.5,84769.93,84767.33,-0.0031,-0.0165,-0.0165,0.0165,0,0,win,0.0,7735.67,0.0,11088.67
KXETH15M-26OCT031915-15,ETH,crypto,PAPER,1,YES,2026-10-03T23:04:00.254013+00:00,659.8,41,2026-10-03T23:14:03.558940+00:00,56.4,63,,sold,0,34,186,-11659,4,1,40.5,-3.0,-14.0,14.0,57,50.5,850.4,0.5,2686.13,2686.24,-0.0041,0.0,-0.013,-0.0038,3,3,win,0.0,0.0,0.0,1151.02
KXXRP15M-26OCT031915-15,XRP,crypto,PAPER,1,YES,2026-10-03T23:04:55.568415+00:00,604.4,42,2026-10-03T23:14:19.560615+00:00,40.4,65,,sold,2,34,196,-11463,4,1,41.5,-3.0,-15.0,15.0,58,52.5,865.4,2.5,1.486,1.4865,-0.0336,0.0,-0.0269,0.0015,4,4,loss,0.0,425.0,0.0,900.58
KXDOGE15M-26OCT031915-15,DOGE,crypto,PAPER,1,YES,2026-10-03T23:00:54.567951+00:00,845.4,40,,,0,no,settled,0,17,-417,-11880,0,1,39.5,-9.5,,17.5,50,49.0,875.4,1.0,,,,,,0.0165,1,1,win,107.0,62.0,1714.0,152.0
KXSOL15M-26OCT031915-15,SOL,crypto,PAPER,1,YES,2026-10-03T23:04:00.244549+00:00,659.8,42,,,0,no,settled,0,18,-438,-12318,4,1,41.5,-1.0,-1.0,4.5,54,49.5,855.4,0.5,119.68,119.7198,-0.0332,-0.0084,-0.0084,-0.0038,2,2,win,10.0,11.0,397.02,714.88
KXETH15M-26OCT032145-45,ETH,crypto,PAPER,1,YES,2026-10-04T01:31:48.218817+00:00,791.8,40,2026-10-04T01:34:36.219515+00:00,623.8,65,,sold,33,33,217,217,1,1,39.5,-16.0,-16.0,16.0,60,51.5,887.8,1.5,2689.49,2689.97,-0.0178,-0.0167,-0.0167,0.0,3,3,none yet,0.0,16.0,0.0,616.0
KXDOGE15M-26OCT032145-45,DOGE,crypto,PAPER,1,YES,2026-10-04T01:30:16.637121+00:00,883.4,41,2026-10-04T01:34:47.216809+00:00,612.8,68,,sold,26,33,237,454,0,1,40.5,,,20.0,8,,,,,,,,,0.0091,0,0,none yet,,,,
KXSOL15M-26OCT032145-45,SOL,crypto,PAPER,1,YES,2026-10-04T01:35:49.217930+00:00,550.8,37,,,0,no,settled,0,17,-387,67,5,2,36.0,-11.5,-21.0,33.0,59,51.0,887.8,1.0,120.02,120.0947,-0.0622,-0.0333,-0.0583,0.001,2,4,none yet,0.0,0.0,0.0,755.0
KXBTC15M-26OCT032145-45,BTC,crypto,PAPER,1,NO,2026-10-04T01:30:26.801572+00:00,873.2,37,,,0,yes,settled,0,17,-387,-320,0,1,36.5,,,8.0,10,,,,84735.57,84739.37,0.0045,-0.0013,-0.0013,0.0013,1,1,none yet,,,,
KXXRP15M-26OCT032145-45,XRP,crypto,PAPER,1,NO,2026-10-04T01:31:22.218969+00:00,817.8,40,,,0,yes,settled,0,17,-417,-737,1,2,39.0,-10.5,-7.5,10.5,43,46.5,862.8,3.5,1.4876,1.4875,-0.0067,-0.0202,-0.0134,-0.0106,2,2,none yet,0.0,20.0,54.0,112.0
KXETH15M-26OCT032200-00,ETH,crypto,PAPER,1,YES,2026-10-04T01:46:53.218448+00:00,786.8,42,2026-10-04T01:49:44.216770+00:00,615.8,63,,sold,41,35,175,-562,1,1,41.5,-12.5,-8.0,14.0,58,47.5,858.8,2.5,2691.71,2691.77,-0.0022,-0.0145,-0.0059,0.0,1,1,win,0.0,133.0,31.0,1199.0
KXSOL15M-26OCT032200-00,SOL,crypto,PAPER,1,YES,2026-10-04T01:49:09.219189+00:00,650.8,38,2026-10-04T01:50:49.217549+00:00,550.8,63,,sold,35,34,216,-346,4,1,37.5,10.5,3.5,19.0,59,46.0,868.8,4.0,119.95,120.0222,-0.0602,-0.0083,-0.0083,0.0,3,3,loss,0.0,0.0,0.0,0.0
KXXRP15M-26OCT032200-00,XRP,crypto,PAPER,1,YES,2026-10-04T01:45:32.218997+00:00,867.8,41,2026-10-04T01:53:25.216606+00:00,394.8,66,,sold,30,33,217,-129,0,1,40.5,,,14.0,19,53.5,878.8,3.5,1.4883,1.4887,-0.0269,-0.0202,-0.0134,0.0,0,0,loss,0.0,30.71,69.0,504.71
KXDOGE15M-26OCT032200-00,DOGE,crypto,PAPER,1,NO,2026-10-04T01:49:01.219270+00:00,658.8,37,2026-10-04T01:57:02.219816+00:00,177.8,75,,sold,21,31,349,220,4,4,35.0,-11.0,-15.0,17.0,50,47.5,883.8,2.5,,,,,,0.0,2,2,win,0.0,9.0,0.0,635.03
KXBTC15M-26OCT032200-00,BTC,crypto,PAPER,1,NO,2026-10-04T01:51:14.218206+00:00,525.8,42,,,0,yes,settled,0,18,-438,-218,6,1,41.5,-6.0,-4.0,10.0,61,49.5,888.8,0.5,84766.26,84771.37,0.006,-0.0034,-0.001,0.001,2,4,loss,0.0,4694.1,0.0,5639.86
KXETH15M-26OCT032215-15,ETH,crypto,PAPER,1,NO,2026-10-04T02:04:37.219007+00:00,622.8,39,2026-10-04T02:06:41.219023+00:00,498.8,62,,sold,16,34,196,-22,4,1,38.5,5.0,0.5,11.0,60,47.5,869.8,2.5,2694.93,2694.22,-0.0264,0.0026,-0.0052,0.0079,3,3,win,0.0,0.0,0.0,0.0
KXSOL15M-26OCT032215-15,SOL,crypto,PAPER,1,NO,2026-10-04T02:00:29.642620+00:00,870.4,42,2026-10-04T02:07:47.216992+00:00,432.8,65,,sold,12,34,196,174,0,2,41.0,,,16.0,19,,,,120.17,120.1532,-0.014,-0.0333,-0.0416,0.0052,1,1,win,,,,
KXDOGE15M-26OCT032215-15,DOGE,crypto,PAPER,1,NO,2026-10-04T02:00:24.570046+00:00,875.4,41,2026-10-04T02:14:06.216635+00:00,53.8,70,,sold,1,32,258,432,0,1,40.5,,,15.0,21,,,,,,,,,0.0063,0,0,win,,,,
KXBTC15M-26OCT032215-15,BTC,crypto,PAPER,1,NO,2026-10-04T02:01:01.219636+00:00,838.8,40,,,0,yes,settled,0,17,-417,15,1,1,39.5,-9.0,,11.0,38,49.5,854.8,0.5,84798.99,84793.43,-0.0066,-0.0051,-0.0051,0.0051,2,2,loss,0.0,7566.37,0.0,10859.37
KXETH15M-26OCT032230-30,ETH,crypto,PAPER,1,YES,2026-10-04T02:15:49.218697+00:00,850.8,41,2026-10-04T02:19:16.219625+00:00,643.8,64,,sold,19,34,196,211,0,1,40.5,-9.5,,12.0,31,44.5,871.8,5.5,,,,,,0.0,1,1,win,0.0,32.0,1011.01,121.0
KXXRP15M-26OCT032230-30,XRP,crypto,PAPER,1,NO,2026-10-04T02:15:22.935014+00:00,877.1,37,2026-10-04T02:22:00.216901+00:00,479.8,63,,sold,30,34,226,437,0,1,36.5,,,2.0,9,,,,1.4898,1.4895,-0.0201,0.0067,-0.047,-0.0108,0,0,win,,,,
KXBTC15M-26OCT032230-30,BTC,crypto,PAPER,1,YES,2026-10-04T02:15:50.221581+00:00,849.8,42,2026-10-04T02:22:19.216891+00:00,460.8,62,,sold,20,35,165,602,0,1,41.5,-3.0,,5.0,48,44.5,886.8,5.5,84809.53,84817.37,-0.0092,0.0,0.0,0.0,2,2,loss,0.0,8362.16,0.0,12737.22
KXDOGE15M-26OCT032230-30,DOGE,crypto,PAPER,1,YES,2026-10-04T02:19:10.220105+00:00,649.8,41,2026-10-04T02:23:08.217876+00:00,411.8,71,,sold,27,32,268,870,4,2,40.0,-9.5,3.5,20.5,59,50.5,881.8,0.5,0.0928,0.0928,-0.0226,0.0431,0.0431,0.0076,4,4,win,0.0,0.0,0.0,0.0
KXSOL15M-26OCT032230-30,SOL,crypto,PAPER,1,YES,2026-10-04T02:16:37.218284+00:00,802.8,42,,,0,no,settled,0,18,-438,432,1,1,41.5,-13.0,-13.5,15.5,61,55.5,886.8,5.5,120.09,120.1455,-0.0462,-0.025,-0.0333,0.0,3,3,win,0.0,15.43,723.24,66.43
KXBTC15M-26OCT032245-45,BTC,crypto,PAPER,1,NO,2026-10-04T02:31:05.219922+00:00,834.8,41,2026-10-04T02:31:17.272392+00:00,822.7,65,,sold,38,33,207,639,1,1,40.5,-4.0,-4.0,5.0,46,44.5,872.8,5.5,84827.83,84822.76,-0.006,0.0,-0.002,0.002,2,2,win,0.0,4004.25,0.0,6748.25
KXDOGE15M-26OCT032245-45,DOGE,crypto,PAPER,1,YES,2026-10-04T02:31:17.271466+00:00,822.7,37,2026-10-04T02:33:31.218254+00:00,688.8,64,,sold,36,34,236,875,1,1,36.5,-15.5,-14.0,20.5,58,50.5,882.8,0.5,0.0927,0.0928,-0.0571,-0.0539,-0.0539,-0.0304,4,4,win,0.0,10.04,0.0,285.24
KXETH15M-26OCT032245-45,ETH,crypto,PAPER,1,NO,2026-10-04T02:31:06.219615+00:00,833.8,42,2026-10-04T02:37:50.216907+00:00,429.8,62,,sold,15,35,165,1040,1,2,41.0,-9.5,-10.5,11.0,59,51.5,887.8,1.5,2693.71,2693.57,-0.0052,-0.0074,-0.0123,0.003,3,3,win,0.0,588.0,32.0,1683.01
KXSOL15M-26OCT032245-45,SOL,crypto,PAPER,1,NO,2026-10-04T02:30:26.841729+00:00,873.2,41,2026-10-04T02:38:03.216632+00:00,416.8,62,,sold,11,34,176,1216,0,1,40.5,,,3.0,10,,,,120.15,120.1108,-0.0326,-0.0416,-0.05,0.0073,0,0,loss,,,,
KXXRP15M-26OCT032245-45,XRP,crypto,PAPER,1,NO,2026-10-04T02:30:44.218563+00:00,855.8,41,,,0,yes,settled,0,17,-427,789,0,1,40.5,-4.0,,6.0,33,46.5,877.8,3.5,,,,,,0.002,1,1,win,0.0,400.0,78.0,491.0
KXETH15M-26OCT032300-00,ETH,crypto,PAPER,1,NO,2026-10-04T02:45:50.220208+00:00,849.8,41,2026-10-04T02:48:03.218578+00:00,716.8,63,,sold,40,34,186,975,0,1,40.5,-11.5,,12.0,18,44.0,857.8,6.0,2692.37,2692.12,-0.0093,-0.0134,-0.0071,-0.0026,1,1,win,0.0,129.0,1079.0,451.1
KXXRP15M-26OCT032300-00,XRP,crypto,PAPER,1,NO,2026-10-04T02:49:00.219554+00:00,659.8,38,2026-10-04T02:53:26.217199+00:00,393.8,62,,sold,27,34,206,1181,4,1,37.5,-29.0,-27.0,35.5,60,54.5,846.8,4.5,1.4901,1.4898,-0.0201,-0.0672,-0.0672,0.0323,1,2,loss,0.0,42.0,0.0,312.04
KXBTC15M-26OCT032300-00,BTC,crypto,PAPER,1,YES,2026-10-04T02:51:07.227588+00:00,532.8,40,2026-10-04T02:58:17.224944+00:00,102.8,70,,sold,28,32,268,1449,6,1,39.5,-9.0,-11.0,11.0,60,49.5,872.8,0.5,84789.76,84792.27,-0.003,0.0,0.0,0.0,2,3,win,0.0,0.0,0.0,0.0
KXDOGE15M-26OCT032300-00,DOGE,crypto,PAPER,1,YES,2026-10-04T02:45:11.517304+00:00,888.5,39,,,0,no,settled,0,17,-407,1042,0,1,38.5,,,1.5,9,,,,0.0928,0.0929,-0.0581,-0.0538,-0.0646,-0.002,0,0,win,,,,
KXSOL15M-26OCT032315-15,SOL,crypto,PAPER,1,NO,2026-10-04T03:00:43.220471+00:00,856.8,41,2026-10-04T03:02:21.216509+00:00,758.8,62,,sold,28,34,176,1218,0,3,39.5,-13.0,,32.0,39,52.5,884.8,2.5,120.45,120.3943,-0.0463,-0.0831,-0.0498,-0.0078,0,0,win,0.0,0.0,377.0,366.0
KXXRP15M-26OCT032315-15,XRP,crypto,PAPER,1,YES,2026-10-04T03:00:45.221519+00:00,854.8,39,2026-10-04T03:11:30.217561+00:00,209.8,66,,sold,12,33,237,1455,0,1,38.5,-5.0,,8.0,20,46.5,863.8,3.5,1.4893,1.4895,-0.0134,0.0134,0.0,-0.0078,1,1,win,0.0,36.0,487.92,99.0
KXETH15M-26OCT032315-15,ETH,crypto,PAPER,1,YES,2026-10-04T03:00:47.220007+00:00,852.8,42,2026-10-04T03:12:57.219132+00:00,122.8,68,,sold,28,34,226,1681,0,1,41.5,-0.5,,9.0,27,47.5,868.8,2.5,2691.78,2692.25,-0.0175,0.0007,-0.0156,-0.0078,3,3,win,0.0,60.0,35.8,780.0
KXDOGE15M-26OCT032315-15,DOGE,crypto,PAPER,1,YES,2026-10-04T03:00:45.227494+00:00,854.8,42,,,0,no,settled,0,18,-438,1243,0,1,41.5,9.0,,16.0,20,46.5,863.8,3.5,0.0927,0.0928,-0.0453,-0.0108,-0.0323,-0.0078,2,2,loss,0.0,29.0,183.01,792.01
KXETH15M-26OCT032330-30,ETH,crypto,PAPER,1,YES,2026-10-04T03:19:35.220318+00:00,624.8,41,2026-10-04T03:22:03.216151+00:00,476.8,65,,sold,27,33,207,1450,4,1,40.5,-15.0,-25.0,21.0,58,51.0,870.8,1.0,2692.39,2692.37,0.0007,-0.0108,-0.0297,-0.009,4,4,win,0.0,571.0,0.0,1606.0
KXBTC15M-26OCT032330-30,BTC,crypto,PAPER,1,YES,2026-10-04T03:16:32.223497+00:00,807.8,40,2026-10-04T03:22:04.216759+00:00,475.8,64,,sold,35,34,206,1656,1,1,39.5,-7.0,-9.0,9.0,60,49.5,885.8,0.5,84792.21,84796.66,-0.0052,-0.0052,-0.0052,-0.0052,2,2,win,0.0,2221.33,0.0,3819.83
KXSOL15M-26OCT032330-30,SOL,crypto,PAPER,1,YES,2026-10-04T03:16:45.220913+00:00,794.8,42,2026-10-04T03:22:28.215906+00:00,451.8,62,,sold,19,35,165,1821,1,1,41.5,-4.0,-1.5,4.0,53,43.0,854.8,7.0,120.25,120.293,-0.0357,0.0,0.0,-0.0109,3,3,win,0.0,10.0,739.43,429.0
KXXRP15M-26OCT032330-30,XRP,crypto,PAPER,1,YES,2026-10-04T03:15:29.219662+00:00,870.8,40,,,0,no,settled,0,17,-417,1404,0,1,39.5,,,12.0,16,47.5,875.8,2.5,1.4894,1.4896,-0.0134,-0.0067,-0.0067,-0.0,0,0,win,0.0,15.0,87.0,504.0
KXDOGE15M-26OCT032330-30,DOGE,crypto,PAPER,1,YES,2026-10-04T03:15:40.220914+00:00,859.8,42,,,0,no,settled,0,18,-438,966,0,1,41.5,-8.0,,8.0,20,43.5,870.8,6.5,,,,,,0.0,1,1,loss,31.43,743.07,117.43,981.07
KXETH15M-26OCT032345-45,ETH,crypto,PAPER,1,YES,2026-10-04T03:30:11.905494+00:00,888.1,40,2026-10-04T03:31:13.217901+00:00,826.8,62,,sold,39,34,186,1152,0,1,39.5,,,6.0,10,,,,,,,,,0.0063,2,0,win,,,,
KXDOGE15M-26OCT032345-45,DOGE,crypto,PAPER,1,NO,2026-10-04T03:30:55.220585+00:00,844.8,41,,,0,yes,settled,0,17,-427,725,0,1,40.5,-11.0,,15.0,33,45.0,866.8,5.0,,,,,,0.0232,3,3,loss,62.0,75.0,410.01,462.0
KXBTC15M-26OCT032345-45,BTC,crypto,PAPER,1,NO,2026-10-04T03:30:25.220469+00:00,874.8,39,,,0,yes,settled,0,17,-407,318,0,1,38.5,,,14.0,24,51.5,887.8,1.5,84801.66,84787.45,-0.0168,-0.0175,-0.0238,0.0238,1,1,win,0.0,3698.23,0.0,9760.37
KXXRP15M-26OCT032345-45,XRP,crypto,PAPER,1,NO,2026-10-04T03:31:55.220319+00:00,784.8,41,,,0,yes,settled,0,17,-427,-109,1,1,40.5,-4.0,-5.5,7.0,58,55.5,877.8,5.5,,,,,,0.0014,3,4,loss,0.0,25.0,0.0,95.0
KXSOL15M-26OCT032345-45,SOL,crypto,PAPER,1,NO,2026-10-04T03:30:54.219560+00:00,845.8,42,,,0,yes,settled,0,18,-438,-547,0,2,41.0,-15.5,,16.5,37,50.5,871.8,0.5,120.39,120.3768,-0.011,-0.0249,-0.0332,0.0232,2,2,win,0.0,351.58,409.16,1114.09
KXETH15M-26OCT040000-00,ETH,crypto,PAPER,1,YES,2026-10-04T03:46:24.219761+00:00,815.8,42,,,0,no,settled,0,18,-438,-985,1,1,41.5,-2.0,-5.5,3.0,39,43.5,853.8,6.5,2695.26,2695.46,-0.0074,-0.0004,-0.0033,-0.0001,2,2,win,541.0,1.0,1487.8,93.0
KXSOL15M-26OCT040000-00,SOL,crypto,PAPER,1,YES,2026-10-04T03:45:14.850229+00:00,885.2,41,,,0,no,settled,0,17,-427,-1412,0,1,40.5,,,2.0,9,,,,120.9,120.9502,-0.0415,-0.0331,-0.0413,0.0,3,0,win,,,,
KXDOGE15M-26OCT040000-00,DOGE,crypto,PAPER,1,YES,2026-10-04T03:46:10.221057+00:00,829.8,39,,,0,no,settled,0,17,-407,-1819,1,1,38.5,-8.5,-12.0,12.0,51,50.5,879.8,0.5,,,,,,0.0,1,1,loss,0.0,76.0,0.0,138.66
KXBTC15M-26OCT040000-00,BTC,crypto,PAPER,1,YES,2026-10-04T03:46:24.223380+00:00,815.8,42,,,0,no,settled,0,18,-438,-2257,1,1,41.5,-8.0,-8.0,9.0,60,49.5,874.8,0.5,84861.8,84862.28,-0.0006,-0.0001,-0.0001,-0.0001,3,3,loss,0.0,6276.96,0.0,10062.81
KXXRP15M-26OCT040000-00,XRP,crypto,PAPER,1,YES,2026-10-04T03:46:44.221786+00:00,795.8,39,,,0,no,settled,0,17,-407,-2664,1,1,38.5,-8.0,-7.0,8.5,60,46.5,863.8,3.5,1.4899,1.4902,-0.0201,-0.0134,-0.0134,-0.0145,4,4,loss,0.0,31.0,15.0,560.0
KXSOL15M-26OCT040015-15,SOL,crypto,PAPER,1,YES,2026-10-04T04:00:43.780582+00:00,856.2,40,2026-10-04T04:03:58.216199+00:00,661.8,63,,sold,28,34,196,-2468,0,1,39.5,0.0,,9.5,11,,,,120.67,120.7548,-0.0702,-0.0166,-0.0663,0.0038,0,0,loss,,,,
KXBTC15M-26OCT040015-15,BTC,crypto,PAPER,1,NO,2026-10-04T04:04:27.221759+00:00,632.8,38,2026-10-04T04:08:01.217876+00:00,418.8,67,,sold,34,33,257,-2211,4,1,37.5,7.0,-9.0,17.0,61,48.5,886.7,1.5,84832.32,84826.77,-0.0065,0.007,-0.0103,0.0103,2,3,loss,0.0,0.0,0.0,0.0
KXXRP15M-26OCT040015-15,XRP,crypto,PAPER,1,NO,2026-10-04T04:01:32.223714+00:00,807.8,38,2026-10-04T04:09:40.216345+00:00,319.8,62,,sold,12,34,206,-2005,1,3,36.5,-15.5,-14.0,20.0,52,50.5,860.8,0.5,1.4897,1.4896,-0.0067,-0.0201,-0.0067,0.003,2,2,loss,512.0,32.0,567.0,538.0
KXDOGE15M-26OCT040015-15,DOGE,crypto,PAPER,1,NO,2026-10-04T04:07:09.221270+00:00,470.8,38,2026-10-04T04:11:49.217515+00:00,190.8,62,,sold,26,34,206,-1799,7,1,37.5,8.0,10.0,13.0,59,48.5,875.8,1.5,,,,,,-0.0122,3,4,loss,0.0,0.0,0.0,0.0
KXETH15M-26OCT040015-15,ETH,crypto,PAPER,1,NO,2026-10-04T04:01:22.222889+00:00,817.8,39,,,0,yes,settled,0,17,-407,-2206,1,1,38.5,-9.0,-11.0,11.0,54,48.5,870.8,1.5,2694.25,2694.02,-0.0085,-0.0067,-0.0078,0.003,1,1,loss,0.0,1.0,609.0,611.0
KXSOL15M-26OCT040030-30,SOL,crypto,PAPER,1,NO,2026-10-04T04:15:42.221563+00:00,857.8,41,2026-10-04T04:21:02.217517+00:00,537.8,62,,sold,37,34,176,-2030,0,2,40.0,-4.5,,8.5,12,40.0,857.8,10.0,120.6,120.5782,-0.0181,-0.0,-0.0332,0.0,0,0,win,422.0,20.0,1152.0,753.4
KXBTC15M-26OCT040030-30,BTC,crypto,PAPER,1,NO,2026-10-04T04:20:03.230154+00:00,596.8,38,,,0,yes,settled,0,17,-397,-2427,5,3,36.5,-9.0,-10.0,10.0,60,47.5,872.8,2.5,84799.04,84804.99,0.007,-0.0,-0.0,0.0,3,3,win,0.0,0.01,0.0,7756.97
KXETH15M-26OCT040030-30,ETH,crypto,PAPER,1,YES,2026-10-04T04:16:35.221274+00:00,804.8,42,,,0,no,settled,0,18,-438,-2865,1,1,41.5,-6.5,-9.0,9.0,59,45.0,887.8,5.0,2693.89,2694.1,-0.0078,-0.0059,-0.0089,0.0,1,1,loss,0.0,13.0,649.0,1035.0
KXDOGE15M-26OCT040030-30,DOGE,crypto,PAPER,1,NO,2026-10-04T04:16:37.220866+00:00,802.8,42,,,0,yes,settled,0,18,-438,-3303,1,1,41.5,-2.5,-6.0,6.0,57,47.5,862.8,2.5,,,,,,0.0,2,2,win,19.0,28.0,692.0,151.0
KXXRP15M-26OCT040045-45,XRP,crypto,PAPER,1,NO,2026-10-04T04:30:36.222505+00:00,863.8,41,2026-10-04T04:34:36.218604+00:00,623.8,65,,sold,28,33,207,-3096,0,1,40.5,-5.0,,7.0,12,42.0,864.8,8.0,1.4914,1.4911,-0.0201,-0.0134,-0.0134,0.0,0,0,win,94.86,25.0,557.86,118.0
KXDOGE15M-26OCT040045-45,DOGE,crypto,PAPER,1,NO,2026-10-04T04:31:36.221166+00:00,803.8,41,2026-10-04T04:36:17.217876+00:00,522.8,63,,sold,25,34,186,-2910,1,1,40.5,-4.0,-5.0,6.0,57,45.5,869.8,4.5,,,,,,-0.0,1,1,loss,0.0,3.79,9.0,211.8
KXSOL15M-26OCT040045-45,SOL,crypto,PAPER,1,NO,2026-10-04T04:34:25.222648+00:00,634.8,39,2026-10-04T04:36:49.217634+00:00,490.8,65,,sold,37,33,227,-2683,4,1,38.5,14.0,11.0,15.0,55,34.5,884.8,15.5,120.75,120.7295,-0.017,0.0166,0.0248,0.0026,2,2,win,357.0,0.0,1062.0,0.0
KXBTC15M-26OCT040045-45,BTC,crypto,PAPER,1,YES,2026-10-04T04:34:54.222633+00:00,605.8,42,,,0,no,settled,0,18,-438,-3121,4,1,41.5,-8.0,-7.0,8.0,60,50.5,869.8,0.5,84807.31,84811.96,-0.0055,0.0,0.0,0.0,2,3,loss,0.0,2439.03,0.0,7422.25
KXXRP15M-26OCT040100-00,XRP,crypto,PAPER,1,YES,2026-10-04T04:45:38.221182+00:00,861.8,41,2026-10-04T04:48:03.219176+00:00,716.8,63,,sold,31,34,186,-2935,0,1,40.5,-8.0,,8.0,11,40.5,861.8,9.5,1.4903,1.4907,-0.0268,-0.0201,-0.0201,-0.0,0,0,win,295.0,5.0,450.24,75.69
KXBTC15M-26OCT040100-00,BTC,crypto,PAPER,1,NO,2026-10-04T04:46:22.222079+00:00,817.8,41,2026-10-04T04:54:24.219050+00:00,335.8,62,,sold,40,34,176,-2759,1,1,40.5,-7.0,-10.0,8.0,55,48.5,871.8,1.5,84804.12,84810.05,0.007,-0.0025,-0.0025,0.0025,1,1,loss,0.0,8151.84,0.0,10662.84
KXETH15M-26OCT040100-00,ETH,crypto,PAPER,1,YES,2026-10-04T04:50:33.224949+00:00,566.8,39,2026-10-04T04:57:36.218339+00:00,143.8,64,,sold,8,34,216,-2543,5,3,37.5,-10.0,-8.0,13.0,60,51.5,886.8,1.5,,,,,,-0.002,1,2,loss,0.0,528.0,0.0,1530.0
KXDOGE15M-26OCT040100-00,DOGE,crypto,PAPER,1,NO,2026-10-04T04:53:33.223637+00:00,386.8,39,,,0,yes,settled,0,17,-407,-2950,8,1,38.5,22.0,25.0,24.0,59,43.5,866.8,6.5,0.0927,0.0927,-0.0043,0.0324,0.0324,0.0012,2,3,win,0.0,0.0,70.0,0.0
KXXRP15M-26OCT040115-15,XRP,crypto,PAPER,1,NO,2026-10-04T05:00:31.223835+00:00,868.8,37,2026-10-04T05:10:53.218565+00:00,246.8,62,,sold,16,34,216,-2734,0,2,36.0,,,12.0,30,32.5,878.8,17.5,,,,,,0.0,1,1,win,421.99,0.0,886.99,45.3
KXDOGE15M-26OCT040115-15,DOGE,crypto,PAPER,1,NO,2026-10-04T05:00:31.210450+00:00,868.8,37,2026-10-04T05:11:25.221330+00:00,214.8,63,,sold,8,34,226,-2508,0,1,36.5,,,10.0,20,,,,,,,,,0.0,0,0,loss,,,,
KXETH15M-26OCT040115-15,ETH,crypto,PAPER,1,NO,2026-10-04T05:01:03.223201+00:00,836.8,42,,,0,yes,settled,0,18,-438,-2946,1,1,41.5,-4.5,-12.0,12.0,40,52.0,857.8,2.0,2692.15,2691.88,-0.01,-0.0071,-0.0093,-0.0028,2,2,win,50.0,16.0,691.0,906.3
KXSOL15M-26OCT040115-15,SOL,crypto,PAPER,1,NO,2026-10-04T05:01:31.232610+00:00,808.8,42,,,0,yes,settled,0,18,-438,-3384,1,1,41.5,-15.0,-7.5,15.5,48,50.0,857.8,0.0,120.64,120.633,-0.0058,-0.0166,-0.0166,0.0165,4,4,win,11.0,356.0,35.01,1062.0
KXBTC15M-26OCT040115-15,BTC,crypto,PAPER,1,NO,2026-10-04T05:01:06.269298+00:00,833.7,41,,,0,yes,settled,0,17,-427,-3811,1,1,40.5,-10.0,-10.0,13.0,56,51.5,873.8,1.5,84813.41,84809.33,-0.0048,-0.0099,-0.0099,0.0099,3,3,win,0.0,1097.0,0.0,3641.01
KXBTC15M-26OCT040130-30,BTC,crypto,PAPER,1,YES,2026-10-04T05:15:36.222708+00:00,863.8,40,2026-10-04T05:18:40.217846+00:00,679.8,62,,sold,38,34,186,-3625,0,1,39.5,-10.0,,12.0,33,51.5,885.8,1.5,84811.96,84823.05,-0.0131,-0.0019,-0.0019,-0.0019,3,3,loss,0.0,601.82,4946.66,3057.82
KXDOGE15M-26OCT040130-30,DOGE,crypto,PAPER,1,NO,2026-10-04T05:15:50.223969+00:00,849.8,42,,,0,yes,settled,0,18,-438,-4063,0,1,41.5,-7.0,,8.0,44,48.5,885.8,1.5,,,,,,-0.0011,4,4,win,96.16,0.01,380.16,74.03
KXXRP15M-26OCT040130-30,XRP,crypto,PAPER,1,NO,2026-10-04T05:15:24.118002+00:00,875.9,42,,,0,yes,settled,0,18,-438,-4501,0,1,41.5,,,9.0,9,,,,1.4908,1.4906,-0.0134,-0.0134,-0.0134,-0.0,1,1,win,,,,
KXSOL15M-26OCT040130-30,SOL,crypto,PAPER,1,NO,2026-10-04T05:15:13.895745+00:00,886.1,37,,,0,yes,settled,0,17,-387,-4888,0,1,36.5,,,19.5,10,,,,,,,-0.0497,-0.0249,0.0,1,0,loss,,,,
KXETH15M-26OCT040130-30,ETH,crypto,PAPER,1,NO,2026-10-04T05:15:29.182454+00:00,870.8,42,,,0,yes,settled,0,18,-438,-5326,0,1,41.5,,,10.0,10,,,,2693.41,2693.09,-0.0119,-0.0045,-0.0056,0.0,2,2,loss,,,,
KXSOL15M-26OCT040145-45,SOL,crypto,PAPER,1,YES,2026-10-04T05:30:59.222865+00:00,840.8,42,2026-10-04T05:35:54.218069+00:00,545.8,66,,sold,41,34,206,-5120,0,1,41.5,-3.0,,10.0,37,44.5,857.8,5.5,120.73,120.7515,-0.0178,0.0,-0.0166,0.0,1,1,loss,0.0,361.0,42.01,1081.0
KXXRP15M-26OCT040145-45,XRP,crypto,PAPER,1,YES,2026-10-04T05:30:59.229176+00:00,840.8,42,2026-10-04T05:36:11.216923+00:00,528.8,67,,sold,22,34,216,-4904,0,1,41.5,-9.0,,13.0,57,49.5,877.8,0.5,,,,,,0.0,2,2,loss,0.0,30.0,67.0,96.0
KXDOGE15M-26OCT040145-45,DOGE,crypto,PAPER,1,YES,2026-10-04T05:30:21.851215+00:00,878.2,39,2026-10-04T05:37:39.217889+00:00,440.8,62,,sold,33,34,196,-4708,0,1,38.5,,,12.0,19,,,,0.0928,0.0928,-0.0313,-0.0216,-0.0216,-0.0,0,0,loss,,,,
KXETH15M-26OCT040145-45,ETH,crypto,PAPER,1,YES,2026-10-04T05:30:59.234133+00:00,840.8,41,2026-10-04T05:37:43.220500+00:00,436.8,62,,sold,29,34,176,-4532,0,1,40.5,-9.0,,10.0,53,48.5,872.8,1.5,2694.53,2694.3,0.0085,-0.003,-0.0004,0.0,3,3,loss,0.0,56.0,520.0,582.0
KXBTC15M-26OCT040145-45,BTC,crypto,PAPER,1,NO,2026-10-04T05:34:11.230626+00:00,648.8,40,,,0,yes,settled,0,17,-417,-4949,4,1,39.5,-6.0,-1.0,12.0,60,51.5,857.8,1.5,84853.12,84847.51,-0.0066,-0.0022,0.0081,-0.0081,4,4,win,0.0,0.0,0.0,0.0
KXETH15M-26OCT040200-00,ETH,crypto,PAPER,1,YES,2026-10-04T05:45:30.480207+00:00,869.5,42,2026-10-04T05:45:31.217945+00:00,868.8,72,,sold,41,33,267,-4682,0,1,41.5,,,6.0,5,,,,2697.16,2695.96,0.0445,0.0367,0.0178,0.0,0,0,win,,,,
KXBTC15M-26OCT040200-00,BTC,crypto,PAPER,1,YES,2026-10-04T05:46:07.223824+00:00,832.8,42,2026-10-04T05:53:49.218797+00:00,370.8,63,,sold,25,35,175,-4507,1,1,41.5,-12.0,-11.0,12.0,45,50.5,873.8,0.5,84901.59,84904.15,-0.003,-0.0089,-0.0089,-0.0089,1,2,loss,0.0,377.43,0.0,2371.43
KXXRP15M-26OCT040200-00,XRP,crypto,PAPER,1,YES,2026-10-04T05:45:35.222173+00:00,864.8,40,,,0,no,settled,0,17,-417,-4924,0,1,39.5,,,14.0,31,42.5,889.8,7.5,1.4926,1.4927,-0.0067,-0.0134,-0.0402,0.0,0,1,win,0.0,16.0,0.0,516.0
KXSOL15M-26OCT040200-00,SOL,crypto,PAPER,1,YES,2026-10-04T05:46:20.222829+00:00,819.8,38,,,0,no,settled,0,17,-397,-5321,1,1,37.5,-12.0,-14.0,17.0,59,57.5,884.8,7.5,120.97,121.0145,-0.0368,-0.0165,-0.0413,-0.0101,2,3,win,0.0,39.06,714.4,451.46
KXETH15M-26OCT040215-15,ETH,crypto,PAPER,1,NO,2026-10-04T06:00:49.223636+00:00,850.8,42,2026-10-04T06:04:02.217677+00:00,657.8,62,,sold,41,35,165,-5156,0,1,41.5,-9.0,,9.0,15,43.5,854.8,6.5,2694.66,2694.44,-0.0082,-0.0056,-0.0096,0.0171,1,1,win,508.0,97.0,1409.03,1068.53
KXXRP15M-26OCT040215-15,XRP,crypto,PAPER,1,YES,2026-10-04T06:04:10.224348+00:00,649.8,38,2026-10-04T06:05:06.217444+00:00,593.8,66,,sold,33,33,247,-4909,4,1,37.5,-1.5,-1.0,9.0,58,49.5,843.8,0.5,1.4913,1.4917,-0.0268,-0.0067,-0.0067,-0.0117,1,2,loss,0.0,0.0,0.0,78.0
KXSOL15M-26OCT040215-15,SOL,crypto,PAPER,1,YES,2026-10-04T06:05:20.223835+00:00,579.8,42,2026-10-04T06:05:35.219148+00:00,564.8,62,,sold,38,35,165,-4744,5,1,41.5,12.0,12.0,18.5,57,48.5,869.8,1.5,120.76,120.8115,-0.0426,0.0166,0.0,0.0178,2,4,loss,30.0,0.0,51.0,0.0
KXDOGE15M-26OCT040215-15,DOGE,crypto,PAPER,1,YES,2026-10-04T06:05:07.222980+00:00,592.8,42,2026-10-04T06:05:36.222492+00:00,563.8,63,,sold,39,35,175,-4569,5,3,40.5,17.0,15.5,20.5,59,53.5,859.8,3.5,0.0928,0.0928,-0.0183,0.0431,0.0431,0.0088,1,3,win,0.0,0.0,1.0,0.0
KXBTC15M-26OCT040215-15,BTC,crypto,PAPER,1,NO,2026-10-04T06:00:22.236798+00:00,877.8,42,,,0,yes,settled,0,18,-438,-5007,0,1,41.5,,,11.0,19,51.5,885.8,1.5,84917.62,84899.44,-0.0214,-0.0248,-0.0248,0.0248,0,0,win,0.0,3141.0,0.0,3156.0
KXETH15M-26OCT040230-30,ETH,crypto,PAPER,1,NO,2026-10-04T06:22:37.223966+00:00,442.8,40,2026-10-04T06:22:55.224119+00:00,424.8,64,,sold,35,34,206,-4801,7,2,39.0,35.0,33.0,36.0,60,34.5,876.8,15.5,2694.62,2693.92,-0.026,0.0475,0.0453,0.0283,4,4,win,30.55,0.0,1050.55,0.0
KXSOL15M-26OCT040230-30,SOL,crypto,PAPER,1,NO,2026-10-04T06:15:24.222977+00:00,875.8,42,2026-10-04T06:23:58.216971+00:00,361.8,66,,sold,4,34,206,-4595,0,1,41.5,,,6.0,16,43.0,886.8,7.0,120.83,120.8173,-0.0105,-0.0414,-0.0331,0.014,2,2,win,1.0,362.0,355.0,1020.42
KXDOGE15M-26OCT040230-30,DOGE,crypto,PAPER,1,NO,2026-10-04T06:15:17.619241+00:00,882.4,42,2026-10-04T06:26:22.219279+00:00,217.8,71,,sold,4,33,257,-4338,0,1,41.5,,,4.0,6,,,,,,,,,0.014,1,1,win,,,,
KXBTC15M-26OCT040230-30,BTC,crypto,PAPER,1,NO,2026-10-04T06:15:30.222528+00:00,869.8,42,2026-10-04T06:27:21.217029+00:00,158.8,62,,sold,4,35,165,-4173,0,1,41.5,,,2.0,9,42.5,871.8,7.5,84908.35,84903.57,-0.0056,-0.0047,-0.014,0.014,3,3,loss,0.0,6779.59,3545.19,10336.08
KXXRP15M-26OCT040230-30,XRP,crypto,PAPER,1,NO,2026-10-04T06:15:07.322175+00:00,892.7,41,,,0,yes,settled,0,17,-427,-4600,0,1,40.5,,,2.5,6,,,,,,,,,0.0047,1,0,win,,,,
KXXRP15M-26OCT040245-45,XRP,crypto,PAPER,1,YES,2026-10-04T06:31:03.226476+00:00,836.8,41,2026-10-04T06:32:26.220262+00:00,753.8,69,,sold,32,32,248,-4352,1,1,40.5,-4.5,-10.0,13.0,56,46.5,878.8,3.5,,,,,,-0.005,2,2,loss,40.0,41.0,95.0,494.0
KXBTC15M-26OCT040245-45,BTC,crypto,PAPER,1,NO,2026-10-04T06:30:40.984243+00:00,859.0,40,,,0,yes,settled,1,17,-417,-4769,0,1,39.5,3.0,,7.5,16,,,,84915.15,84900.41,-0.0174,0.0031,0.0087,-0.0087,0,0,win,,,,
KXDOGE15M-26OCT040245-45,DOGE,crypto,PAPER,1,NO,2026-10-04T06:31:50.225046+00:00,789.8,42,,,0,yes,settled,0,18,-438,-5207,1,1,41.5,-12.0,-1.0,14.0,55,51.5,883.8,1.5,,,,,,-0.0071,3,3,win,0.0,7.0,0.0,36.0
KXETH15M-26OCT040245-45,ETH,crypto,PAPER,1,NO,2026-10-04T06:30:52.223620+00:00,847.8,41,,,0,yes,settled,0,17,-427,-5634,0,1,40.5,-15.0,,18.0,43,53.5,873.8,3.5,2691.62,2691.39,-0.0085,-0.023,0.0045,-0.0282,1,1,win,0.0,33.0,513.2,154.0
KXSOL15M-26OCT040300-00,SOL,crypto,PAPER,1,YES,2026-10-04T06:45:35.222504+00:00,864.8,37,2026-10-04T06:47:51.216360+00:00,728.8,62,,sold,28,34,216,-5418,0,1,36.5,-14.0,,16.0,28,35.5,886.8,14.5,,,,-0.0579,-0.0579,0.0069,0,0,win,352.0,18.74,1135.0,462.74
KXETH15M-26OCT040300-00,ETH,crypto,PAPER,1,NO,2026-10-04T06:46:31.223772+00:00,808.8,41,,,0,yes,settled,0,17,-427,-5845,1,1,40.5,-11.5,-10.0,15.0,60,51.5,880.8,1.5,2692.37,2692.58,0.0078,-0.0041,0.0007,0.017,4,4,loss,0.0,5.0,0.0,564.0
KXDOGE15M-26OCT040300-00,DOGE,crypto,PAPER,1,NO,2026-10-04T06:45:56.224606+00:00,843.8,41,,,0,yes,settled,0,17,-427,-6272,0,1,40.5,-9.0,,10.0,43,49.5,880.8,0.5,,,,,,0.0041,2,2,loss,2.01,18.0,148.01,149.0
KXBTC15M-26OCT040300-00,BTC,crypto,PAPER,1,NO,2026-10-04T06:45:35.233612+00:00,864.8,42,,,0,yes,settled,0,18,-438,-6710,0,1,41.5,-7.0,,8.0,17,49.5,870.8,0.5,84951.16,84952.51,0.0016,-0.002,-0.0069,0.0069,1,1,loss,0.0,304.64,5073.02,1234.64
KXXRP15M-26OCT040300-00,XRP,crypto,PAPER,1,NO,2026-10-04T06:46:19.222925+00:00,820.8,41,,,0,yes,settled,0,17,-427,-7137,1,1,40.5,-13.0,-17.0,17.0,39,54.0,860.8,4.0,1.4938,1.4936,-0.0134,-0.0268,-0.0402,0.0077,3,3,win,59.0,415.0,177.0,921.0
KXSOL15M-26OCT040315-15,SOL,crypto,PAPER,1,NO,2026-10-04T07:00:56.223575+00:00,843.8,41,,,0,yes,settled,0,17,-427,-7564,0,1,40.5,-6.0,,19.0,39,47.0,872.8,3.0,120.98,120.9737,-0.0052,0.0083,-0.0331,0.003,2,2,win,11.0,416.0,44.01,1176.0
KXETH15M-26OCT040315-15,ETH,crypto,PAPER,1,YES,2026-10-04T07:01:55.223369+00:00,784.8,41,,,0,no,settled,0,17,-427,-7991,1,1,40.5,-4.5,-6.0,6.0,60,46.5,852.8,3.5,2695.53,2695.96,-0.0159,-0.0037,-0.0089,-0.0064,4,4,loss,0.0,542.0,112.0,1568.0
KXDOGE15M-26OCT040315-15,DOGE,crypto,PAPER,1,NO,2026-10-04T07:00:11.134609+00:00,888.9,42,,,0,yes,settled,0,18,-438,-8429,0,1,41.5,,,18.0,10,,,,,,,,,0.0,4,0,loss,,,,
KXXRP15M-26OCT040315-15,XRP,crypto,PAPER,1,NO,2026-10-04T07:00:54.222925+00:00,845.8,42,,,0,yes,settled,0,18,-438,-8867,0,1,41.5,-3.0,,12.5,40,44.5,877.8,5.5,1.4974,1.4968,-0.0401,-0.0,-0.0267,0.003,1,1,loss,0.0,25.0,58.0,127.0
KXBTC15M-26OCT040315-15,BTC,crypto,PAPER,1,YES,2026-10-04T07:01:37.225179+00:00,802.8,42,,,0,no,settled,0,18,-438,-9305,1,1,41.5,-6.0,-7.0,8.0,60,47.5,872.8,2.5,85010.35,85019.96,-0.0113,-0.0064,-0.0064,-0.0064,3,3,loss,0.0,67.02,5417.2,4256.02
KXXRP15M-26OCT040330-30,XRP,crypto,PAPER,1,YES,2026-10-04T07:15:43.234515+00:00,856.8,38,2026-10-04T07:16:20.217447+00:00,819.8,69,,sold,27,32,278,-9027,0,1,37.5,-10.0,,11.0,20,47.5,859.8,2.5,1.4973,1.4976,-0.02,-0.0267,-0.0134,-0.0075,3,3,loss,0.0,19.0,0.0,85.0
KXBTC15M-26OCT040330-30,BTC,crypto,PAPER,1,YES,2026-10-04T07:15:30.223948+00:00,869.8,42,2026-10-04T07:25:40.218050+00:00,259.8,63,,sold,7,35,175,-8852,0,1,41.5,,,8.0,17,41.5,869.8,8.5,84969.46,84983.89,-0.017,-0.0075,-0.0075,-0.0075,0,0,loss,4149.63,6454.17,7578.63,9140.21
KXSOL15M-26OCT040330-30,SOL,crypto,PAPER,1,YES,2026-10-04T07:15:30.231894+00:00,869.8,42,2026-10-04T07:25:41.217102+00:00,258.8,67,,sold,10,34,216,-8636,0,1,41.5,,,10.0,17,41.5,869.8,8.5,121.18,121.2093,-0.0242,0.0083,-0.0412,-0.0075,1,1,loss,357.0,11.0,1054.58,474.24
KXETH15M-26OCT040330-30,ETH,crypto,PAPER,1,YES,2026-10-04T07:15:45.225995+00:00,854.8,39,,,0,no,settled,0,17,-407,-9043,0,1,38.5,-13.0,,13.0,17,38.5,854.8,11.5,2695.08,2695.27,-0.007,-0.0059,-0.0022,-0.0086,4,4,loss,151.0,50.01,1039.24,1132.01
KXDOGE15M-26OCT040330-30,DOGE,crypto,PAPER,1,YES,2026-10-04T07:15:43.226058+00:00,856.8,42,,,0,no,settled,0,18,-438,-9481,0,1,41.5,-10.0,,11.5,37,45.0,879.8,5.0,0.0932,0.0932,-0.0354,-0.0215,-0.0215,-0.0075,2,2,loss,41.0,27.0,118.0,743.1
KXETH15M-26OCT040345-45,ETH,crypto,PAPER,1,YES,2026-10-04T07:30:19.222508+00:00,880.8,39,2026-10-04T07:35:30.223485+00:00,569.8,66,,sold,22,33,237,-9244,0,1,38.5,,,10.0,18,47.5,882.8,2.5,2692.9,2693.13,-0.0085,0.0033,-0.0137,-0.0079,0,0,loss,0.0,551.0,0.0,1615.0
KXDOGE15M-26OCT040345-45,DOGE,crypto,PAPER,1,YES,2026-10-04T07:30:45.270288+00:00,854.7,39,2026-10-04T07:42:16.219526+00:00,163.8,69,,sold,6,32,268,-8976,0,1,38.5,-13.5,,15.0,22,43.0,861.8,7.0,0.093,0.0931,-0.058,-0.0107,-0.0322,-0.045,2,2,loss,1.0,260.07,44.01,922.07
KXXRP15M-26OCT040345-45,XRP,crypto,PAPER,1,YES,2026-10-04T07:35:30.236036+00:00,569.8,42,,,0,no,settled,0,18,-438,-9414,5,1,41.5,28.0,30.0,31.0,52,29.5,861.8,20.5,1.495,1.4957,-0.0468,0.0937,0.1407,0.039,2,3,win,26.0,0.0,436.0,0.0
KXBTC15M-26OCT040345-45,BTC,crypto,PAPER,1,YES,2026-10-04T07:30:43.223843+00:00,856.8,37,,,0,no,settled,0,17,-387,-9801,0,1,36.5,-6.0,,8.0,16,36.5,856.8,13.5,84944.12,84967.14,-0.0271,-0.0134,-0.0168,-0.0168,1,1,win,5028.57,1154.65,7637.94,3398.66
KXSOL15M-26OCT040345-45,SOL,crypto,PAPER,1,YES,2026-10-04T07:35:31.223133+00:00,568.8,38,,,0,no,settled,0,17,-397,-10198,5,1,37.5,21.5,27.0,36.0,54,32.5,856.8,17.5,121.09,121.1227,-0.027,0.0909,0.1158,0.0433,3,4,win,348.33,0.0,1079.33,0.0
KXSOL15M-26OCT040400-00,SOL,crypto,PAPER,1,NO,2026-10-04T07:45:45.157291+00:00,854.9,40,2026-10-04T07:47:06.219048+00:00,773.8,65,,sold,40,33,217,-9981,0,1,39.5,0.0,,3.0,9,,,,120.97,120.9945,0.0202,0.0331,-0.0,0.0164,3,3,loss,,,,
KXETH15M-26OCT040400-00,ETH,crypto,PAPER,1,NO,2026-10-04T07:45:14.579244+00:00,885.4,38,,,0,yes,settled,0,17,-397,-10378,0,1,37.5,,,6.0,9,,,,2694.95,2694.66,-0.0108,-0.0078,-0.0074,0.0164,3,0,win,,,,
KXXRP15M-26OCT040400-00,XRP,crypto,PAPER,1,NO,2026-10-04T07:45:40.223981+00:00,859.8,42,,,0,yes,settled,0,18,-438,-10816,0,1,41.5,4.0,,12.0,10,41.5,859.8,8.5,,,,,,0.0164,2,2,loss,97.53,76.0,582.53,566.0
KXDOGE15M-26OCT040400-00,DOGE,crypto,PAPER,1,NO,2026-10-04T07:45:29.937305+00:00,870.1,41,,,0,yes,settled,0,17,-427,-11243,0,1,40.5,,,5.0,9,,,,,,,,,0.0164,1,1,win,,,,
KXDOGE15M-26OCT040415-15,DOGE,crypto,PAPER,1,NO,2026-10-04T08:00:14.233103+00:00,885.8,41,2026-10-04T08:00:41.217994+00:00,858.8,64,,sold,40,34,196,-11047,0,1,40.5,,,16.0,13,44.0,887.7,6.0,,,,,,0.0207,2,1,win,62.2,5.0,200.2,685.0
KXXRP15M-26OCT040415-15,XRP,crypto,PAPER,1,NO,2026-10-04T08:00:14.224181+00:00,885.8,41,2026-10-04T08:03:48.218641+00:00,671.8,63,,sold,20,34,186,-10861,0,1,40.5,,,11.0,13,44.0,887.7,6.0,1.4989,1.4984,-0.0334,0.0067,-0.02,0.0207,1,0,loss,14.0,39.0,83.0,481.0
KXSOL15M-26OCT040415-15,SOL,crypto,PAPER,1,NO,2026-10-04T08:00:27.499486+00:00,872.5,42,2026-10-04T08:05:57.218276+00:00,542.8,64,,sold,22,35,185,-10676,0,1,41.5,,,10.0,11,,,,121.12,121.1008,-0.0159,-0.0083,-0.0165,0.0256,3,3,win,,,,
KXBTC15M-26OCT040415-15,BTC,crypto,PAPER,1,NO,2026-10-04T08:00:14.239578+00:00,885.8,40,,,0,yes,settled,0,17,-417,-11093,0,1,39.5,,,13.0,13,46.5,887.7,3.5,85098.59,85086.47,-0.0142,-0.0066,-0.0207,0.0207,3,2,loss,0.0,7266.6,66.79,12833.6
KXETH15M-26OCT040415-15,ETH,crypto,PAPER,1,YES,2026-10-04T08:01:26.224754+00:00,813.8,38,,,0,no,settled,0,17,-397,-11490,1,1,37.5,11.0,-6.0,15.0,39,25.5,851.8,24.5,2704.0,2705.34,-0.0495,0.0477,-0.0015,0.048,3,4,loss,124.91,0.0,1165.91,99.0
KXDOGE15M-26OCT040430-30,DOGE,crypto,PAPER,1,NO,2026-10-04T08:16:18.224310+00:00,821.8,41,2026-10-04T08:20:27.217144+00:00,572.8,64,,sold,27,34,196,-11294,1,1,40.5,-17.0,-15.0,17.0,52,56.5,889.8,6.5,0.0934,0.0934,-0.0086,-0.0321,-0.0321,-0.0,3,3,win,0.0,76.0,2.0,928.83
KXXRP15M-26OCT040430-30,XRP,crypto,PAPER,1,NO,2026-10-04T08:19:13.224811+00:00,646.8,37,2026-10-04T08:21:10.218238+00:00,529.8,63,,sold,35,34,226,-11068,4,1,36.5,-4.0,8.0,16.5,58,52.5,889.8,2.5,1.4977,1.4972,-0.0334,-0.0,0.02,-0.0168,4,4,win,0.0,0.0,0.0,26.0
KXSOL15M-26OCT040430-30,SOL,crypto,PAPER,1,YES,2026-10-04T08:16:08.229101+00:00,831.8,41,2026-10-04T08:25:59.217703+00:00,240.8,69,,sold,26,32,248,-10820,1,1,40.5,-5.5,-4.0,6.0,53,45.5,884.8,4.5,120.97,121.0202,-0.0415,-0.0248,-0.0331,0.0,2,2,win,0.0,16.0,355.0,742.01
KXBTC15M-26OCT040430-30,BTC,crypto,PAPER,1,YES,2026-10-04T08:15:40.362933+00:00,859.6,41,2026-10-04T08:26:06.217609+00:00,233.8,62,,sold,17,34,176,-10644,0,1,40.5,0.0,,2.0,5,,,,85127.78,85142.88,-0.0177,-0.0,-0.0103,-0.0103,0,0,loss,,,,
KXETH15M-26OCT040430-30,ETH,crypto,PAPER,1,YES,2026-10-04T08:15:50.225005+00:00,849.8,42,2026-10-04T08:26:37.217430+00:00,202.8,62,,sold,7,35,165,-10479,0,1,41.5,-2.0,,4.5,24,45.5,868.8,4.5,2701.78,2702.34,-0.0207,-0.0093,-0.0133,0.0043,1,1,loss,500.0,17.0,1751.0,133.82
KXETH15M-26OCT040445-45,ETH,crypto,PAPER,1,YES,2026-10-04T08:30:36.224390+00:00,863.8,41,,,0,no,settled,0,17,-427,-10906,0,1,40.5,-8.0,,10.5,34,43.5,866.8,6.5,2700.81,2701.33,-0.0192,-0.0163,-0.017,-0.0489,0,0,win,0.0,1.0,1141.89,116.0
KXXRP15M-26OCT040445-45,XRP,crypto,PAPER,1,YES,2026-10-04T08:30:38.286014+00:00,861.7,41,,,0,no,settled,0,17,-427,-11333,0,1,40.5,-7.0,,7.0,30,,,,1.4975,1.4976,-0.0067,-0.0067,0.0067,-0.0392,1,1,win,,,,
KXSOL15M-26OCT040445-45,SOL,crypto,PAPER,1,YES,2026-10-04T08:30:44.223555+00:00,855.8,42,,,0,no,settled,0,18,-438,-11771,0,1,41.5,-6.0,,10.5,31,41.5,855.8,8.5,121.09,121.1005,-0.0087,0.0083,0.0248,-0.0465,2,2,win,361.0,67.0,1096.04,810.0
KXXRP15M-26OCT040500-00,XRP,crypto,PAPER,1,YES,2026-10-04T08:45:25.334492+00:00,874.7,42,2026-10-04T08:47:22.218495+00:00,757.8,63,,sold,35,35,175,-11596,0,1,41.5,,,1.0,9,,,,,,,,,-0.0022,0,0,loss,,,,
KXDOGE15M-26OCT040500-00,DOGE,crypto,PAPER,1,NO,2026-10-04T08:46:02.224598+00:00,837.8,42,2026-10-04T08:53:14.217101+00:00,405.8,64,,sold,25,35,185,-11411,1,1,41.5,-12.0,,13.0,56,54.5,884.8,4.5,,,,,,0.0339,3,3,win,0.0,175.0,96.0,291.1
KXSOL15M-26OCT040500-00,SOL,crypto,PAPER,1,YES,2026-10-04T08:45:30.402107+00:00,869.6,40,2026-10-04T08:57:03.217370+00:00,176.8,63,,sold,22,34,196,-11215,0,1,39.5,,,3.0,9,,,,120.87,120.9178,-0.0395,-0.0083,-0.0331,-0.002,1,1,loss,,,,
KXETH15M-26OCT040500-00,ETH,crypto,PAPER,1,NO,2026-10-04T08:46:16.224418+00:00,823.8,41,,,0,yes,settled,0,17,-427,-11642,1,1,40.5,-13.0,-13.0,13.0,54,53.5,883.8,3.5,2699.27,2698.81,-0.017,-0.0219,-0.0263,0.0348,4,4,loss,0.0,1.0,582.0,549.0
KXBTC15M-26OCT040500-00,BTC,crypto,PAPER,1,NO,2026-10-04T08:45:57.224657+00:00,842.8,42,,,0,yes,settled,0,18,-438,-12080,0,1,41.5,-11.0,,12.0,42,51.5,873.8,1.5,85071.96,85066.29,-0.0067,-0.0061,-0.0061,0.0061,2,2,win,0.0,2971.22,0.0,8579.63
KXETH15M-26OCT040515-15,ETH,crypto,PAPER,1,NO,2026-10-04T09:00:32.862914+00:00,867.1,42,2026-10-04T09:01:54.217645+00:00,785.8,65,,sold,42,34,196,-11884,0,1,41.5,,,7.0,24,,,,2699.9,2699.66,-0.0089,0.0026,-0.0022,-0.002,0,0,loss,,,,
KXXRP15M-26OCT040515-15,XRP,crypto,PAPER,1,NO,2026-10-04T09:00:33.224759+00:00,866.8,39,2026-10-04T09:02:23.216126+00:00,756.8,62,,sold,37,34,196,-11688,0,1,38.5,-11.0,,16.5,29,53.5,871.8,3.5,1.4957,1.4955,-0.0134,-0.0268,-0.0201,-0.002,1,1,win,0.0,395.15,332.0,828.15
KXSOL15M-26OCT040515-15,SOL,crypto,PAPER,1,NO,2026-10-04T09:00:37.229825+00:00,862.8,42,2026-10-04T09:02:42.216929+00:00,737.8,62,,sold,26,35,165,-11523,0,2,41.0,-8.5,,10.0,33,42.5,871.8,7.5,,,,,,-0.002,2,2,win,146.0,355.0,879.01,1091.0
KXBTC15M-26OCT040515-15,BTC,crypto,PAPER,1,YES,2026-10-04T09:01:25.233518+00:00,814.8,42,2026-10-04T09:07:40.217876+00:00,439.8,65,,sold,10,34,196,-11327,1,1,41.5,-7.0,-7.0,8.0,61,48.5,871.8,1.5,85086.67,85094.19,-0.0088,-0.0064,-0.0064,-0.0064,3,3,loss,0.0,48.68,0.0,5587.86
KXDOGE15M-26OCT040515-15,DOGE,crypto,PAPER,1,YES,2026-10-04T09:01:28.225957+00:00,811.8,40,2026-10-04T09:09:04.216636+00:00,355.8,63,,sold,10,34,196,-11131,1,1,39.5,-16.0,-14.0,18.0,54,53.5,871.8,3.5,0.0931,0.0931,-0.0161,-0.0215,-0.0215,-0.0064,4,4,win,0.0,77.0,12.0,760.01
KXDOGE15M-26OCT040530-30,DOGE,crypto,PAPER,1,YES,2026-10-04T09:15:49.223876+00:00,850.8,42,2026-10-04T09:18:20.216204+00:00,699.8,62,,sold,31,35,165,-10966,0,1,41.5,-4.5,,8.0,33,43.5,874.8,6.5,,,,,,0.0086,2,2,win,29.0,1.01,297.01,133.01
KXETH15M-26OCT040530-30,ETH,crypto,PAPER,1,NO,2026-10-04T09:19:05.227040+00:00,654.8,38,,,0,yes,settled,0,17,-397,-11363,4,1,37.5,-9.0,2.0,21.5,59,55.5,884.8,5.5,,,,,,0.0065,3,4,win,0.0,0.0,1200.51,0.0
KXXRP15M-26OCT040530-30,XRP,crypto,PAPER,1,NO,2026-10-04T09:15:25.228601+00:00,874.8,42,,,0,yes,settled,0,18,-438,-11801,0,1,41.5,,,13.0,11,41.5,874.8,8.5,1.4965,1.4964,-0.0067,-0.0267,-0.0067,-0.0055,0,0,win,246.0,336.77,308.0,748.98
KXBTC15M-26OCT040530-30,BTC,crypto,PAPER,1,NO,2026-10-04T09:15:48.225550+00:00,851.8,42,,,0,yes,settled,0,18,-438,-12239,0,1,41.5,-12.0,,13.0,18,52.5,858.8,2.5,85131.31,85121.78,-0.0112,-0.0141,-0.0086,0.0086,1,1,win,0.0,637.72,0.0,8380.07
KXSOL15M-26OCT040530-30,SOL,crypto,PAPER,1,NO,2026-10-04T09:19:00.024416+00:00,660.0,40,,,0,yes,settled,0,17,-417,-12656,4,1,39.5,-4.0,-21.0,25.5,59,50.0,879.8,0.0,,,,,,0.0065,2,3,win,0.0,356.0,104.47,1123.01
KXXRP15M-26OCT040545-45,XRP,crypto,PAPER,1,NO,2026-10-04T09:30:27.224622+00:00,872.8,42,2026-10-04T09:30:52.216945+00:00,847.8,65,,sold,41,34,196,-12460,0,1,41.5,,,7.5,16,41.5,872.8,8.5,1.502,1.5014,-0.04,-0.0133,-0.0133,0.0087,1,1,loss,18.0,59.0,318.0,520.29
KXBTC15M-26OCT040545-45,BTC,crypto,PAPER,1,NO,2026-10-04T09:30:43.224349+00:00,856.8,41,2026-10-04T09:31:21.216995+00:00,818.8,63,,sold,40,34,186,-12274,0,1,40.5,-10.0,,17.0,16,40.5,856.8,9.5,85277.85,85260.53,-0.0203,-0.0186,-0.021,0.021,2,2,loss,6437.76,2269.55,11500.71,5849.55
KXETH15M-26OCT040545-45,ETH,crypto,PAPER,1,NO,2026-10-04T09:30:17.049958+00:00,883.0,42,2026-10-04T09:33:16.216599+00:00,703.8,67,,sold,36,34,216,-12058,0,1,41.5,,,16.0,15,,,,2702.58,2702.37,-0.0078,-0.0178,-0.0026,0.0075,0,0,loss,,,,
KXDOGE15M-26OCT040545-45,DOGE,crypto,PAPER,1,YES,2026-10-04T09:30:44.231508+00:00,855.8,42,2026-10-04T09:41:00.217049+00:00,239.8,63,,sold,3,35,175,-11883,0,1,41.5,-3.0,,8.0,32,48.5,872.8,1.5,,,,,,0.021,3,3,win,0.0,13.0,102.0,851.0
KXSOL15M-26OCT040545-45,SOL,crypto,PAPER,1,YES,2026-10-04T09:30:58.223345+00:00,841.8,42,2026-10-04T09:42:03.218264+00:00,176.8,62,,sold,4,35,165,-11718,0,1,41.5,-9.0,,14.0,39,54.5,866.8,4.5,121.22,121.2438,-0.0196,-0.033,0.0165,0.0119,3,4,loss,0.03,31.0,706.03,799.0
KXXRP15M-26OCT040600-00,XRP,crypto,PAPER,1,NO,2026-10-04T09:45:30.223833+00:00,869.8,38,2026-10-04T09:49:51.217605+00:00,608.8,62,,sold,15,34,206,-11512,0,1,37.5,,,10.0,10,37.5,869.8,12.5,,,,,,0.0171,1,1,win,47.18,5.01,702.18,61.01
KXDOGE15M-26OCT040600-00,DOGE,crypto,PAPER,1,NO,2026-10-04T09:45:25.223971+00:00,874.8,42,2026-10-04T09:50:02.215445+00:00,597.8,64,,sold,14,35,185,-11327,0,1,41.5,,,10.0,21,49.5,884.8,0.5,,,,,,-0.0,0,0,win,38.0,39.0,899.01,268.0
KXBTC15M-26OCT040600-00,BTC,crypto,PAPER,1,NO,2026-10-04T09:46:23.236214+00:00,816.8,42,2026-10-04T09:50:11.216247+00:00,588.8,62,,sold,18,35,165,-11162,1,1,41.5,-7.0,-6.0,9.0,54,50.5,869.8,0.5,85279.99,85267.49,-0.0147,-0.0051,-0.0051,0.0051,4,4,win,0.0,1947.85,0.0,7586.69
KXETH15M-26OCT040600-00,ETH,crypto,PAPER,1,NO,2026-10-04T09:45:45.233157+00:00,854.8,38,2026-10-04T09:51:12.217007+00:00,527.8,62,,sold,11,34,206,-10956,0,1,37.5,-8.0,,14.0,12,37.5,854.8,12.5,,,,,,0.002,3,3,win,52.0,571.79,307.53,1699.79
KXSOL15M-26OCT040600-00,SOL,crypto,PAPER,1,NO,2026-10-04T09:45:33.227832+00:00,866.8,42,,,0,yes,settled,0,18,-438,-11394,0,1,41.5,,,7.0,12,43.5,869.8,6.5,121.29,121.2718,-0.015,-0.0165,-0.0247,0.0171,2,2,win,8.0,7.0,1103.03,831.82
KXSOL15M-26OCT040615-15,SOL,crypto,PAPER,1,YES,2026-10-04T10:01:35.225436+00:00,804.8,39,2026-10-04T10:03:20.217089+00:00,699.8,62,,sold,28,34,196,-11198,1,1,38.5,-10.0,-11.5,17.0,55,51.0,871.8,1.0,121.26,121.3047,-0.0368,-0.0412,-0.0495,-0.012,3,3,loss,0.0,21.0,369.0,819.0
KXDOGE15M-26OCT040615-15,DOGE,crypto,PAPER,1,NO,2026-10-04T10:00:37.515332+00:00,862.5,42,2026-10-04T10:09:57.216283+00:00,302.8,66,,sold,8,34,206,-10992,0,1,41.5,2.0,,6.0,10,,,,,,,,,0.0133,1,1,win,,,,
KXBTC15M-26OCT040615-15,BTC,crypto,PAPER,1,NO,2026-10-04T10:00:12.062957+00:00,887.9,42,2026-10-04T10:13:03.218432+00:00,116.8,63,,sold,16,35,175,-10817,0,1,41.5,,,5.0,10,,,,85239.19,85224.2,-0.0176,-0.0262,-0.0232,0.0232,1,0,win,,,,
KXETH15M-26OCT040615-15,ETH,crypto,PAPER,1,NO,2026-10-04T10:04:26.227473+00:00,633.8,41,2026-10-04T10:13:26.217278+00:00,93.8,62,,sold,14,34,176,-10641,4,2,40.0,5.5,8.5,12.0,59,45.5,881.8,4.5,2701.83,2701.12,-0.0263,0.0196,0.0111,-0.025,3,4,win,0.0,0.0,647.0,0.0
KXXRP15M-26OCT040615-15,XRP,crypto,PAPER,1,NO,2026-10-04T10:00:44.225811+00:00,855.8,42,,,0,yes,settled,0,18,-438,-11079,0,2,41.0,-7.0,,8.5,36,46.5,881.8,3.5,1.4997,1.4993,-0.0267,-0.0067,-0.0067,0.0113,2,2,win,1.0,25.0,291.02,647.0
KXSOL15M-26OCT040630-30,SOL,crypto,PAPER,1,NO,2026-10-04T10:15:34.225865+00:00,865.8,42,2026-10-04T10:17:24.218376+00:00,755.8,63,,sold,34,35,175,-10904,0,2,41.0,,,14.0,15,44.5,869.8,5.5,121.47,121.4617,-0.0068,0.0411,0.0165,0.0325,2,2,win,9.0,356.0,434.02,1076.0
KXDOGE15M-26OCT040630-30,DOGE,crypto,PAPER,1,NO,2026-10-04T10:15:25.227032+00:00,874.8,42,2026-10-04T10:26:42.217067+00:00,197.8,69,,sold,17,33,237,-10667,0,1,41.5,,,9.0,10,41.5,874.8,8.5,0.0934,0.0934,-0.0214,0.0107,-0.0214,0.0443,0,0,win,19.0,618.0,83.0,902.0
KXXRP15M-26OCT040630-30,XRP,crypto,PAPER,1,NO,2026-10-04T10:15:26.229463+00:00,873.8,42,2026-10-04T10:29:12.218008+00:00,47.8,65,,sold,8,34,196,-10471,0,1,41.5,,,9.0,21,43.5,884.8,6.5,1.5009,1.5003,-0.04,0.0067,-0.0333,0.0443,1,1,loss,73.0,434.0,296.0,497.0
KXDOGE15M-26OCT040645-45,DOGE,crypto,PAPER,1,YES,2026-10-04T10:30:06.922623+00:00,893.1,41,2026-10-04T10:31:52.216184+00:00,787.8,62,,sold,40,34,176,-10295,0,1,40.5,,,0.0,4,,,,0.0933,0.0934,-0.0568,-0.0428,-0.0428,-0.0501,0,0,win,,,,
KXXRP15M-26OCT040645-45,XRP,crypto,PAPER,1,YES,2026-10-04T10:30:35.225378+00:00,864.8,41,2026-10-04T10:31:52.217089+00:00,787.8,62,,sold,36,34,176,-10119,0,1,40.5,-7.0,,10.5,20,43.5,882.8,6.5,1.4997,1.5003,-0.04,-0.0333,-0.0333,-0.0282,3,3,win,0.0,15.0,485.0,105.0
KXSOL15M-26OCT040645-45,SOL,crypto,PAPER,1,NO,2026-10-04T10:31:05.224986+00:00,834.8,41,2026-10-04T10:34:40.215548+00:00,619.8,62,,sold,32,34,176,-9943,1,1,40.5,-8.0,-19.0,19.0,38,50.5,871.8,0.5,121.31,121.2903,-0.0162,-0.0247,-0.0412,0.0185,4,4,win,0.0,360.0,119.0,1157.0
KXETH15M-26OCT040645-45,ETH,crypto,PAPER,1,YES,2026-10-04T10:30:17.074899+00:00,882.9,38,,,0,no,settled,0,17,-397,-10340,0,1,37.5,,,4.0,5,,,,,,,,,-0.0304,1,1,win,,,,
KXBTC15M-26OCT040645-45,BTC,crypto,PAPER,1,YES,2026-10-04T10:30:27.231268+00:00,872.8,39,,,0,no,settled,0,17,-407,-10747,0,1,38.5,,,3.0,5,,,,85371.18,85398.04,-0.0315,-0.0258,-0.0282,-0.0282,2,2,win,,,,
KXDOGE15M-26OCT040700-00,DOGE,crypto,PAPER,1,NO,2026-10-04T10:45:32.230094+00:00,867.8,42,2026-10-04T10:47:35.216998+00:00,744.8,63,,sold,40,35,175,-10572,0,1,41.5,,,7.0,25,47.5,886.8,2.5,,,,,,0.0013,2,2,win,0.0,600.84,312.0,872.84
KXSOL15M-26OCT040700-00,SOL,crypto,PAPER,1,NO,2026-10-04T10:45:22.224595+00:00,877.8,42,2026-10-04T10:53:55.216852+00:00,364.8,65,,sold,32,34,196,-10376,0,1,41.5,,,7.0,18,46.5,885.8,3.5,,,,,,0.0013,0,0,win,0.0,360.0,90.0,1096.0
KXETH15M-26OCT040700-00,ETH,crypto,PAPER,1,NO,2026-10-04T10:51:28.229724+00:00,511.8,41,2026-10-04T10:57:20.216419+00:00,159.8,62,,sold,21,34,176,-10200,6,1,40.5,-8.0,-9.0,9.0,60,46.5,880.8,3.5,2702.9,2702.58,-0.0118,-0.0093,-0.0089,-0.0029,2,3,loss,0.0,65.0,0.0,595.0
KXXRP15M-26OCT040700-00,XRP,crypto,PAPER,1,NO,2026-10-04T10:45:24.225212+00:00,875.8,41,,,0,yes,settled,0,17,-427,-10627,0,1,40.5,,,7.0,17,42.5,880.8,7.5,,,,,,0.0013,1,1,win,0.0,34.0,129.0,380.69
KXBTC15M-26OCT040700-00,BTC,crypto,PAPER,1,YES,2026-10-04T10:51:33.227493+00:00,506.8,41,,,0,no,settled,0,17,-427,-11054,6,1,40.5,-3.0,-4.0,4.0,60,55.5,870.8,5.5,85320.3,85330.13,-0.0115,0.0001,-0.0028,-0.0028,3,4,loss,0.0,0.0,0.0,0.0
KXDOGE15M-26OCT040715-15,DOGE,crypto,PAPER,1,YES,2026-10-04T11:01:51.226864+00:00,788.8,42,2026-10-04T11:05:30.216869+00:00,569.8,62,,sold,32,35,165,-10889,1,1,41.5,-7.0,-13.0,13.0,56,53.5,859.8,3.5,0.0933,0.0934,-0.0236,-0.0214,-0.0428,-0.0112,3,3,win,0.0,2.0,117.0,19.0
KXSOL15M-26OCT040715-15,SOL,crypto,PAPER,1,YES,2026-10-04T11:01:58.225915+00:00,781.8,42,2026-10-04T11:08:24.217303+00:00,395.8,62,,sold,22,35,165,-10724,1,1,41.5,-9.0,-14.0,14.0,56,53.5,884.8,3.5,121.23,121.2715,-0.0342,-0.0165,-0.033,-0.0078,4,4,win,0.0,350.0,10.0,1101.0
KXETH15M-26OCT040715-15,ETH,crypto,PAPER,1,YES,2026-10-04T11:00:56.229991+00:00,843.8,42,2026-10-04T11:11:01.219047+00:00,238.8,65,,sold,18,34,196,-10528,0,1,41.5,-13.0,,13.0,37,53.5,869.8,3.5,2700.68,2701.2,-0.0193,-0.0185,-0.0089,-0.0164,1,1,win,0.0,116.0,76.97,1260.01
KXXRP15M-26OCT040715-15,XRP,crypto,PAPER,1,YES,2026-10-04T11:00:59.227015+00:00,840.8,40,,,0,no,settled,0,17,-417,-10945,0,1,39.5,-15.0,,16.0,39,52.5,869.8,2.5,1.5009,1.5012,-0.02,-0.0333,-0.04,-0.0164,2,2,loss,0.0,68.0,7.01,516.13
KXBTC15M-26OCT040715-15,BTC,crypto,PAPER,1,YES,2026-10-04T11:00:52.227174+00:00,847.8,42,,,0,no,settled,0,18,-438,-11383,0,1,41.5,-7.0,,9.0,34,50.5,869.8,0.5,85246.86,85265.68,-0.0221,-0.0091,-0.0157,-0.0157,0,0,loss,0.0,3422.94,0.0,9039.0
KXSOL15M-26OCT040730-30,SOL,crypto,PAPER,1,YES,2026-10-04T11:15:26.140386+00:00,873.9,41,2026-10-04T11:18:35.216781+00:00,684.8,64,,sold,37,34,196,-11187,0,1,40.5,,,13.0,15,,,,121.25,121.2728,-0.0188,0.0165,-0.0082,0.0199,1,1,win,,,,
KXXRP15M-26OCT040730-30,XRP,crypto,PAPER,1,YES,2026-10-04T11:15:16.026211+00:00,884.0,41,2026-10-04T11:20:39.216196+00:00,560.8,68,,sold,27,33,237,-10950,0,1,40.5,,,11.5,15,,,,1.499,1.4993,-0.02,-0.0133,-0.04,0.0076,0,0,loss,,,,
KXETH15M-26OCT040730-30,ETH,crypto,PAPER,1,NO,2026-10-04T11:15:31.202512+00:00,868.8,42,,,0,yes,settled,0,18,-438,-11388,0,1,41.5,,,5.5,14,,,,,,,,,0.0199,2,2,win,,,,
KXDOGE15M-26OCT040730-30,DOGE,crypto,PAPER,1,NO,2026-10-04T11:20:54.225843+00:00,545.8,42,,,0,yes,settled,0,18,-438,-11826,5,1,41.5,-15.5,-10.0,16.5,56,43.5,862.8,6.5,,,,,,0.0057,2,4,win,0.0,61.0,115.5,169.18
KXBTC15M-26OCT040730-30,BTC,crypto,PAPER,1,NO,2026-10-04T11:15:41.346255+00:00,858.7,41,,,0,yes,settled,0,17,-427,-12253,0,1,40.5,-4.0,,6.0,15,,,,85276.69,85251.91,-0.0291,-0.0225,-0.0313,0.0313,3,3,loss,,,,
KXETH15M-26OCT040745-45,ETH,crypto,PAPER,1,YES,2026-10-04T11:31:38.226187+00:00,801.8,41,2026-10-04T11:32:38.217647+00:00,741.8,64,,sold,39,34,196,-12057,1,1,40.5,-9.0,-4.5,17.0,60,44.5,866.8,5.5,2703.36,2703.03,0.0122,0.0041,0.0041,0.0076,4,4,loss,142.0,15.0,814.0,1100.0
KXSOL15M-26OCT040745-45,SOL,crypto,PAPER,1,NO,2026-10-04T11:31:02.229000+00:00,837.8,41,2026-10-04T11:32:39.217026+00:00,740.8,64,,sold,36,34,196,-11861,1,1,40.5,-15.5,,16.0,54,43.5,887.8,6.5,121.46,121.436,-0.0198,-0.0412,-0.0165,0.0077,2,2,win,358.0,6.0,1149.0,432.0
KXBTC15M-26OCT040745-45,BTC,crypto,PAPER,1,NO,2026-10-04T11:30:12.202444+00:00,887.8,42,2026-10-04T11:35:12.217734+00:00,587.8,63,,sold,36,35,175,-11686,0,1,41.5,,,2.0,10,,,,85313.77,85305.87,-0.0093,-0.0077,-0.017,0.017,2,0,loss,,,,
KXXRP15M-26OCT040745-45,XRP,crypto,PAPER,1,YES,2026-10-04T11:31:32.225849+00:00,807.8,40,,,0,no,settled,0,17,-417,-12103,1,1,39.5,-14.0,-5.0,16.0,57,43.5,881.8,6.5,,,,,,0.0076,3,3,win,0.0,32.0,11.0,507.0
KXDOGE15M-26OCT040745-45,DOGE,crypto,PAPER,1,YES,2026-10-04T11:30:37.229021+00:00,862.8,42,,,0,no,settled,0,18,-438,-12541,0,1,41.5,-11.0,,11.0,22,43.5,876.8,6.5,0.0937,0.0937,-0.048,-0.064,-0.0213,0.0,1,1,loss,0.0,224.0,59.42,325.59
KXBTC15M-26OCT040800-00,BTC,crypto,PAPER,1,NO,2026-10-04T11:45:13.451683+00:00,886.6,41,2026-10-04T11:49:23.216766+00:00,636.8,65,,sold,36,33,207,-12334,0,1,40.5,,,6.0,11,,,,85268.42,85263.95,-0.0052,-0.012,-0.0116,0.0116,0,0,win,,,,
KXETH15M-26OCT040800-00,ETH,crypto,PAPER,1,NO,2026-10-04T11:46:13.229556+00:00,826.8,42,2026-10-04T11:56:28.216024+00:00,211.8,62,,sold,38,35,165,-12169,1,2,41.0,-5.5,-5.5,6.5,36,46.5,865.8,3.5,2700.38,2700.03,-0.013,-0.0067,-0.0085,0.0023,3,3,win,7.0,540.0,88.0,2068.01
KXXRP15M-26OCT040800-00,XRP,crypto,PAPER,1,NO,2026-10-04T11:45:18.577352+00:00,881.4,42,,,0,yes,settled,0,18,-438,-12607,0,1,41.5,,,1.0,8,,,,,,,,,0.0116,1,1,loss,,,,
KXDOGE15M-26OCT040800-00,DOGE,crypto,PAPER,1,NO,2026-10-04T11:45:38.826016+00:00,861.2,40,,,0,yes,settled,0,17,-417,-13024,0,1,39.5,-6.0,,8.5,11,,,,,,,,,0.0132,2,2,loss,,,,
KXSOL15M-26OCT040815-15,SOL,crypto,PAPER,1,YES,2026-10-04T12:01:12.229214+00:00,827.8,38,2026-10-04T12:01:55.216356+00:00,784.8,62,,sold,36,34,206,-12818,1,1,37.5,-11.5,-11.5,19.5,28,31.5,854.8,18.5,121.18,121.2338,-0.0444,0.0,-0.0165,-0.0001,0,0,win,357.0,11.0,1105.0,106.0
KXETH15M-26OCT040815-15,ETH,crypto,PAPER,1,NO,2026-10-04T12:04:00.101682+00:00,659.9,41,2026-10-04T12:13:48.220072+00:00,71.8,62,,sold,2,34,176,-12642,4,1,40.5,2.5,19.0,25.0,57,51.5,879.8,1.5,,,,,,-0.0111,1,2,win,0.0,0.0,569.19,0.0
KXXRP15M-26OCT040815-15,XRP,crypto,PAPER,1,NO,2026-10-04T12:01:27.241631+00:00,812.8,37,,,0,yes,settled,0,17,-387,-13029,1,1,36.5,-11.0,-18.0,13.5,35,49.5,854.8,0.5,1.4995,1.4986,-0.0601,-0.0601,-0.0534,0.0125,1,1,loss,67.0,256.0,470.0,708.0
KXXRP15M-26OCT040830-30,XRP,crypto,PAPER,1,YES,2026-10-04T12:15:31.695720+00:00,868.3,40,2026-10-04T12:18:15.219304+00:00,704.8,62,,sold,15,34,186,-12843,0,2,39.0,-11.0,,11.5,21,,,,1.4991,1.4994,-0.02,0.0,-0.0267,-0.0235,1,1,loss,,,,
KXSOL15M-26OCT040830-30,SOL,crypto,PAPER,1,YES,2026-10-04T12:15:57.229017+00:00,842.8,41,2026-10-04T12:18:30.223105+00:00,689.8,64,,sold,17,34,196,-12647,0,1,40.5,-7.5,,10.0,36,47.5,857.8,2.5,121.42,121.4778,-0.0476,-0.0329,0.0082,-0.006,3,3,win,0.0,10.0,738.01,56.0
KXETH15M-26OCT040830-30,ETH,crypto,PAPER,1,YES,2026-10-04T12:15:21.592659+00:00,878.4,37,2026-10-04T12:18:30.230143+00:00,689.8,66,,sold,11,33,257,-12390,0,1,36.5,,,12.0,21,,,,2698.5,2698.96,-0.017,-0.0148,-0.0237,-0.0317,0,0,win,,,,
KXBTC15M-26OCT040830-30,BTC,crypto,PAPER,1,YES,2026-10-04T12:15:41.824283+00:00,858.2,39,2026-10-04T12:21:16.224966+00:00,523.8,63,,sold,12,34,206,-12184,0,1,38.5,3.0,,4.0,21,,,,85234.06,85248.8,-0.0173,0.0071,-0.0082,-0.0082,2,2,win,,,,
KXDOGE15M-26OCT040830-30,DOGE,crypto,PAPER,1,YES,2026-10-04T12:19:02.229429+00:00,657.8,42,2026-10-04T12:22:58.223264+00:00,421.8,63,,sold,31,35,175,-12009,4,1,41.5,-13.0,11.0,30.0,55,34.5,855.8,15.5,0.0935,0.0935,-0.0257,-0.0214,0.0642,0.0238,1,4,loss,75.0,0.0,1067.51,0.0
KXETH15M-26OCT040845-45,ETH,crypto,PAPER,1,NO,2026-10-04T12:30:44.234086+00:00,855.8,41,2026-10-04T12:32:29.218270+00:00,750.8,68,,sold,32,33,237,-11772,0,1,40.5,-6.0,,7.0,41,46.5,880.8,3.5,2702.15,2701.57,-0.0215,-0.0022,-0.0285,0.0148,2,2,win,0.0,517.0,83.2,1786.65
KXSOL15M-26OCT040845-45,SOL,crypto,PAPER,1,NO,2026-10-04T12:30:35.231134+00:00,864.8,42,2026-10-04T12:32:30.218366+00:00,749.8,64,,sold,24,35,185,-11587,0,1,41.5,-8.0,,8.0,20,43.5,870.8,6.5,121.5,121.4812,-0.0155,-0.0247,-0.0412,0.0037,1,1,win,0.0,26.0,427.0,634.93
KXBTC15M-26OCT040845-45,BTC,crypto,PAPER,1,NO,2026-10-04T12:30:48.227797+00:00,851.8,40,2026-10-04T12:32:30.220900+00:00,749.8,63,,sold,32,34,196,-11391,0,1,39.5,-13.0,,13.0,36,51.5,870.8,1.5,85273.83,85265.05,-0.0103,-0.0137,-0.0189,0.0189,3,3,win,0.0,599.08,0.0,7417.69
KXXRP15M-26OCT040845-45,XRP,crypto,PAPER,1,NO,2026-10-04T12:30:49.226576+00:00,850.8,42,2026-10-04T12:37:44.220007+00:00,435.8,62,,sold,17,35,165,-11226,0,1,41.5,-6.0,,6.0,17,41.5,850.8,8.5,1.5015,1.5009,-0.04,-0.0133,-0.0133,0.0189,4,4,win,42.0,365.94,106.0,422.94
KXDOGE15M-26OCT040845-45,DOGE,crypto,PAPER,1,NO,2026-10-04T12:30:30.227294+00:00,869.8,39,2026-10-04T12:40:05.218183+00:00,294.8,62,,sold,15,34,196,-11030,0,1,38.5,,,5.0,14,38.5,869.8,11.5,,,,,,-0.0,0,0,win,142.31,8.0,155.31,101.0
KXBTC15M-26OCT040900-00,BTC,crypto,PAPER,1,NO,2026-10-04T12:45:40.437568+00:00,859.6,41,2026-10-04T12:46:12.235932+00:00,827.8,66,,sold,40,33,217,-10813,0,1,40.5,-6.0,,8.0,15,,,,85203.1,85203.41,0.0004,-0.0012,-0.0119,0.0119,0,0,win,,,,
KXETH15M-26OCT040900-00,ETH,crypto,PAPER,1,YES,2026-10-04T12:46:12.234857+00:00,827.8,41,,,0,no,settled,0,17,-427,-11240,1,1,40.5,-12.0,-9.0,16.0,60,56.5,879.8,6.5,2699.55,2699.78,-0.0085,-0.0167,-0.0048,-0.0545,3,3,win,0.0,155.0,0.0,726.0
KXDOGE15M-26OCT040900-00,DOGE,crypto,PAPER,1,YES,2026-10-04T12:46:12.253493+00:00,827.8,41,,,0,no,settled,0,17,-427,-11667,1,1,40.5,-7.0,-7.5,11.0,55,47.5,873.8,2.5,0.0935,0.0935,-0.0278,-0.0321,-0.0214,-0.0545,3,4,win,0.0,50.0,366.0,278.0
KXXRP15M-26OCT040900-00,XRP,crypto,PAPER,1,YES,2026-10-04T12:45:50.243529+00:00,849.8,41,,,0,no,settled,0,17,-427,-12094,0,1,40.5,-1.5,,6.0,32,44.5,868.8,5.5,1.4993,1.4997,-0.0267,-0.02,-0.0133,-0.0078,2,2,win,0.0,330.0,28.0,584.0
KXSOL15M-26OCT040900-00,SOL,crypto,PAPER,1,YES,2026-10-04T12:45:50.231325+00:00,849.8,38,,,0,no,settled,0,17,-397,-12491,0,1,37.5,-10.0,,10.0,19,43.0,853.8,7.0,121.43,121.4842,-0.0446,-0.0165,-0.0247,-0.0078,1,1,win,2.0,26.0,739.03,772.0
KXXRP15M-26OCT040915-15,XRP,crypto,PAPER,1,YES,2026-10-04T13:00:18.227287+00:00,881.8,42,2026-10-04T13:02:35.219275+00:00,744.8,63,,sold,40,35,175,-12316,0,2,41.0,,,8.5,11,41.0,881.8,9.0,1.4975,1.4978,-0.02,-0.0267,-0.0401,-0.0207,1,1,loss,57.0,445.0,547.0,573.68
KXETH15M-26OCT040915-15,ETH,crypto,PAPER,1,NO,2026-10-04T13:01:20.228112+00:00,819.8,42,2026-10-04T13:02:57.279534+00:00,722.7,62,,sold,40,35,165,-12151,1,1,41.5,-12.0,-11.0,12.0,48,53.5,866.8,3.5,2695.75,2695.21,-0.02,-0.0282,-0.0289,0.0207,3,3,loss,0.0,5.0,115.5,1338.66
KXDOGE15M-26OCT040915-15,DOGE,crypto,PAPER,1,YES,2026-10-04T13:00:22.309016+00:00,877.7,41,2026-10-04T13:03:45.218519+00:00,674.8,64,,sold,40,34,196,-11955,0,1,40.5,,,1.0,6,,,,,,,,,-0.0207,2,2,loss,,,,
KXSOL15M-26OCT040915-15,SOL,crypto,PAPER,1,YES,2026-10-04T13:00:12.018256+00:00,888.0,40,2026-10-04T13:06:14.218784+00:00,525.8,62,,sold,28,34,186,-11769,0,1,39.5,,,0.0,6,,,,121.28,121.3293,-0.0406,-0.0165,-0.033,-0.0207,4,0,win,,,,
KXBTC15M-26OCT040915-15,BTC,crypto,PAPER,1,YES,2026-10-04T13:04:20.228941+00:00,639.8,42,2026-10-04T13:06:48.218112+00:00,491.8,62,,sold,41,35,165,-11604,4,1,41.5,-1.0,-1.0,2.0,61,44.5,887.8,5.5,85113.73,85125.56,-0.0139,0.0,-0.0,-0.0,1,4,win,0.0,6479.82,0.0,14859.1
