window,asset,mode,trade_no,side,buy_iso,buy_s2c,buy_px,sell_iso,sell_s2c,sell_px,result,reason,lowest_bid_held,fees_c,net_c,run_net_c
KXWTI15M-26OCT011315-15,WTI,PAPER,1,YES,2026-10-01T17:05:26.644889+00:00,573.4,42,2026-10-01T17:12:43.644477+00:00,136.4,65,,sold,9,34,196,196
KXSILVER15M-26OCT011330-30,SILVER,PAPER,1,NO,2026-10-01T17:16:58.646350+00:00,781.4,41,2026-10-01T17:18:09.644534+00:00,710.4,65,,sold,39,33,207,403
KXSILVER15M-26OCT011330-30,SILVER,PAPER,2,YES,2026-10-01T17:18:10.644449+00:00,709.4,38,2026-10-01T17:22:32.645595+00:00,447.4,65,,sold,28,33,237,640
KXSILVER15M-26OCT011330-30,SILVER,PAPER,3,NO,2026-10-01T17:22:49.645451+00:00,430.4,39,2026-10-01T17:29:02.644994+00:00,57.4,73,,sold,10,31,309,949
KXETH15M-26OCT011330-30,ETH,PAPER,1,NO,2026-10-01T17:16:04.645514+00:00,835.4,39,,,0,yes,settled,0,17,-407,542
KXSOL15M-26OCT011330-30,SOL,PAPER,1,NO,2026-10-01T17:16:05.644117+00:00,834.4,42,,,0,yes,settled,0,18,-438,104
KXBTC15M-26OCT011330-30,BTC,PAPER,1,NO,2026-10-01T17:16:00.040838+00:00,840.0,40,,,0,yes,settled,0,17,-417,-313
KXXRP15M-26OCT011330-30,XRP,PAPER,1,NO,2026-10-01T17:16:04.644748+00:00,835.4,40,,,0,yes,settled,0,17,-417,-730
KXDOGE15M-26OCT011330-30,DOGE,PAPER,1,NO,2026-10-01T17:16:09.645635+00:00,830.4,41,,,0,yes,settled,0,17,-427,-1157
KXGOLD15M-26OCT011330-30,GOLD,PAPER,1,NO,2026-10-01T17:16:07.749290+00:00,832.3,38,,,0,yes,settled,0,17,-397,-1554
KXWTI15M-26OCT011330-30,WTI,PAPER,1,YES,2026-10-01T17:16:01.645329+00:00,838.4,41,,,0,no,settled,0,17,-427,-1981
KXPALLADIUM15M-26OCT011330-30,PALLADIUM,PAPER,1,NO,2026-10-01T17:16:09.647408+00:00,830.4,42,,,0,yes,settled,0,18,-438,-2419
KXCOPPER15M-26OCT011330-30,COPPER,PAPER,1,NO,2026-10-01T17:16:00.041018+00:00,840.0,41,,,0,yes,settled,0,17,-427,-2846
KXPLATINUM15M-26OCT011330-30,PLATINUM,PAPER,1,NO,2026-10-01T17:16:00.041061+00:00,840.0,38,,,0,yes,settled,0,17,-397,-3243
KXBTC15M-26OCT011345-45,BTC,PAPER,1,NO,2026-10-01T17:31:00.296805+00:00,839.7,38,2026-10-01T17:32:38.648129+00:00,741.4,65,,sold,35,33,237,-3006
KXSOL15M-26OCT011345-45,SOL,PAPER,1,NO,2026-10-01T17:32:14.647462+00:00,765.4,39,2026-10-01T17:33:51.645477+00:00,668.4,65,,sold,36,33,227,-2779
KXETH15M-26OCT011345-45,ETH,PAPER,1,NO,2026-10-01T17:31:25.649197+00:00,814.4,38,2026-10-01T17:33:52.649170+00:00,667.4,66,,sold,26,33,247,-2532
KXXRP15M-26OCT011345-45,XRP,PAPER,1,NO,2026-10-01T17:31:49.649387+00:00,790.4,38,2026-10-01T17:34:16.644340+00:00,643.4,65,,sold,28,33,237,-2295
KXDOGE15M-26OCT011345-45,DOGE,PAPER,1,NO,2026-10-01T17:31:22.645855+00:00,817.4,38,2026-10-01T17:34:56.763470+00:00,603.2,65,,sold,28,33,237,-2058
KXBTC15M-26OCT011345-45,BTC,PAPER,2,YES,2026-10-01T17:32:41.645099+00:00,738.4,40,2026-10-01T17:38:01.649830+00:00,418.4,65,,sold,20,33,217,-1841
KXSOL15M-26OCT011345-45,SOL,PAPER,2,YES,2026-10-01T17:33:57.644630+00:00,662.4,38,2026-10-01T17:39:08.644264+00:00,351.4,66,,sold,11,33,247,-1594
KXDOGE15M-26OCT011345-45,DOGE,PAPER,2,YES,2026-10-01T17:34:57.646626+00:00,602.4,39,2026-10-01T17:39:12.643911+00:00,347.4,65,,sold,19,33,227,-1367
KXETH15M-26OCT011345-45,ETH,PAPER,2,YES,2026-10-01T17:33:57.645507+00:00,662.4,40,2026-10-01T17:41:20.645154+00:00,219.4,66,,sold,14,33,227,-1140
KXXRP15M-26OCT011345-45,XRP,PAPER,2,YES,2026-10-01T17:34:41.644079+00:00,618.4,38,2026-10-01T17:41:43.645317+00:00,196.4,66,,sold,10,33,247,-893
KXWTI15M-26OCT011345-45,WTI,PAPER,1,YES,2026-10-01T17:31:00.296600+00:00,839.7,41,2026-10-01T17:41:55.646384+00:00,184.4,66,,sold,21,33,217,-676
KXDOGE15M-26OCT011345-45,DOGE,PAPER,3,NO,2026-10-01T17:39:28.649056+00:00,331.4,38,,,0,yes,settled,2,17,-397,-1073
KXSOL15M-26OCT011345-45,SOL,PAPER,3,NO,2026-10-01T17:39:30.644492+00:00,329.4,39,,,0,yes,settled,0,17,-407,-1480
KXBTC15M-26OCT011345-45,BTC,PAPER,3,NO,2026-10-01T17:38:10.644711+00:00,409.4,39,,,0,yes,settled,1,17,-407,-1887
KXGOLD15M-26OCT011345-45,GOLD,PAPER,1,NO,2026-10-01T17:31:41.647422+00:00,798.4,38,,,0,yes,settled,0,17,-397,-2284
KXPLATINUM15M-26OCT011345-45,PLATINUM,PAPER,1,NO,2026-10-01T17:35:44.643734+00:00,555.4,39,,,0,yes,settled,0,17,-407,-2691
KXPLATINUM15M-26OCT011400-00,PLATINUM,PAPER,1,NO,2026-10-01T17:46:15.643327+00:00,824.4,42,2026-10-01T17:48:14.651408+00:00,705.3,65,,sold,33,34,196,-2495
KXXRP15M-26OCT011400-00,XRP,PAPER,1,NO,2026-10-01T17:46:36.644176+00:00,803.4,41,2026-10-01T17:48:22.646455+00:00,697.4,66,,sold,39,33,217,-2278
KXPALLADIUM15M-26OCT011400-00,PALLADIUM,PAPER,1,NO,2026-10-01T17:47:20.652316+00:00,759.3,42,2026-10-01T17:48:23.643310+00:00,696.4,71,,sold,37,33,257,-2021
KXSOL15M-26OCT011400-00,SOL,PAPER,1,NO,2026-10-01T17:46:16.643717+00:00,823.4,42,2026-10-01T17:48:23.644829+00:00,696.4,65,,sold,36,34,196,-1825
KXSILVER15M-26OCT011400-00,SILVER,PAPER,1,NO,2026-10-01T17:46:26.648289+00:00,813.4,42,2026-10-01T17:48:24.644024+00:00,695.4,67,,sold,36,34,216,-1609
KXWTI15M-26OCT011400-00,WTI,PAPER,1,YES,2026-10-01T17:46:00.468298+00:00,839.5,38,2026-10-01T17:50:35.648214+00:00,564.4,65,,sold,20,33,237,-1372
KXCOPPER15M-26OCT011400-00,COPPER,PAPER,1,NO,2026-10-01T17:46:00.645783+00:00,839.4,38,2026-10-01T17:50:51.644214+00:00,548.4,65,,sold,25,33,237,-1135
KXGOLD15M-26OCT011400-00,GOLD,PAPER,1,NO,2026-10-01T17:46:00.468442+00:00,839.5,42,2026-10-01T17:54:15.646232+00:00,344.4,65,,sold,25,34,196,-939
KXBTC15M-26OCT011400-00,BTC,PAPER,1,YES,2026-10-01T17:48:23.645368+00:00,696.4,42,,,0,no,settled,0,18,-438,-1377
KXDOGE15M-26OCT011400-00,DOGE,PAPER,1,YES,2026-10-01T17:46:03.645406+00:00,836.4,42,,,0,no,settled,0,18,-438,-1815
KXSOL15M-26OCT011400-00,SOL,PAPER,2,YES,2026-10-01T17:48:30.644875+00:00,689.4,38,,,0,no,settled,0,17,-397,-2212
KXXRP15M-26OCT011400-00,XRP,PAPER,2,YES,2026-10-01T17:48:31.648015+00:00,688.4,41,,,0,no,settled,0,17,-427,-2639
KXETH15M-26OCT011400-00,ETH,PAPER,1,YES,2026-10-01T17:46:03.646401+00:00,836.4,41,,,0,no,settled,0,17,-427,-3066
KXPALLADIUM15M-26OCT011400-00,PALLADIUM,PAPER,2,YES,2026-10-01T17:48:47.644144+00:00,672.4,38,,,0,no,settled,0,17,-397,-3463
KXSILVER15M-26OCT011400-00,SILVER,PAPER,2,YES,2026-10-01T17:48:38.646889+00:00,681.4,40,,,0,no,settled,0,17,-417,-3880
KXWTI15M-26OCT011400-00,WTI,PAPER,2,NO,2026-10-01T17:51:12.648517+00:00,527.4,40,,,0,yes,settled,0,17,-417,-4297
KXCOPPER15M-26OCT011400-00,COPPER,PAPER,2,YES,2026-10-01T17:50:54.644251+00:00,545.4,38,,,0,no,settled,0,17,-397,-4694
KXPLATINUM15M-26OCT011400-00,PLATINUM,PAPER,2,YES,2026-10-01T17:49:11.646539+00:00,648.4,38,,,0,no,settled,0,17,-397,-5091
KXXRP15M-26OCT011415-15,XRP,PAPER,1,YES,2026-10-01T18:01:00.437898+00:00,839.6,42,2026-10-01T18:02:00.643505+00:00,779.4,66,,sold,35,34,206,-4885
KXSILVER15M-26OCT011415-15,SILVER,PAPER,1,YES,2026-10-01T18:01:01.649776+00:00,838.4,41,2026-10-01T18:02:09.644507+00:00,770.4,66,,sold,35,33,217,-4668
KXCOPPER15M-26OCT011415-15,COPPER,PAPER,1,YES,2026-10-01T18:01:00.643585+00:00,839.4,39,2026-10-01T18:02:28.644727+00:00,751.4,65,,sold,27,33,227,-4441
KXPALLADIUM15M-26OCT011415-15,PALLADIUM,PAPER,1,YES,2026-10-01T18:01:05.643208+00:00,834.4,41,2026-10-01T18:02:29.830026+00:00,750.2,65,,sold,35,33,207,-4234
KXDOGE15M-26OCT011415-15,DOGE,PAPER,1,YES,2026-10-01T18:01:18.647424+00:00,821.4,40,2026-10-01T18:02:53.646802+00:00,726.4,65,,sold,33,33,217,-4017
KXSILVER15M-26OCT011415-15,SILVER,PAPER,2,NO,2026-10-01T18:02:14.649973+00:00,765.4,38,2026-10-01T18:04:03.644842+00:00,656.4,66,,sold,34,33,247,-3770
KXCOPPER15M-26OCT011415-15,COPPER,PAPER,2,NO,2026-10-01T18:02:33.644047+00:00,746.4,39,2026-10-01T18:04:29.644355+00:00,630.4,67,,sold,37,33,247,-3523
KXPLATINUM15M-26OCT011415-15,PLATINUM,PAPER,1,NO,2026-10-01T18:01:45.643713+00:00,794.4,39,2026-10-01T18:04:29.645584+00:00,630.4,65,,sold,26,33,227,-3296
KXPALLADIUM15M-26OCT011415-15,PALLADIUM,PAPER,2,NO,2026-10-01T18:02:32.643719+00:00,747.4,39,2026-10-01T18:04:43.644433+00:00,616.4,65,,sold,35,33,227,-3069
KXXRP15M-26OCT011415-15,XRP,PAPER,2,NO,2026-10-01T18:02:16.644721+00:00,763.4,38,2026-10-01T18:05:33.646139+00:00,566.4,67,,sold,35,33,257,-2812
KXDOGE15M-26OCT011415-15,DOGE,PAPER,2,NO,2026-10-01T18:03:04.642768+00:00,715.4,38,2026-10-01T18:05:34.643349+00:00,565.4,65,,sold,32,33,237,-2575
KXSOL15M-26OCT011415-15,SOL,PAPER,1,YES,2026-10-01T18:01:00.438039+00:00,839.6,41,2026-10-01T18:09:13.644546+00:00,346.4,67,,sold,17,33,227,-2348
KXDOGE15M-26OCT011415-15,DOGE,PAPER,3,YES,2026-10-01T18:05:39.647789+00:00,560.4,40,2026-10-01T18:09:19.643793+00:00,340.4,66,,sold,20,33,227,-2121
KXXRP15M-26OCT011415-15,XRP,PAPER,3,YES,2026-10-01T18:05:39.648818+00:00,560.4,39,2026-10-01T18:09:41.644048+00:00,318.4,66,,sold,17,33,237,-1884
KXBTC15M-26OCT011415-15,BTC,PAPER,1,YES,2026-10-01T18:01:59.650066+00:00,780.3,40,2026-10-01T18:10:26.644554+00:00,273.4,65,,sold,7,33,217,-1667
KXETH15M-26OCT011415-15,ETH,PAPER,1,YES,2026-10-01T18:01:44.719053+00:00,795.3,38,2026-10-01T18:11:50.643749+00:00,189.4,65,,sold,5,33,237,-1430
KXPALLADIUM15M-26OCT011415-15,PALLADIUM,PAPER,3,YES,2026-10-01T18:05:11.643169+00:00,588.4,38,2026-10-01T18:12:45.645874+00:00,134.4,65,,sold,8,33,237,-1193
KXGOLD15M-26OCT011415-15,GOLD,PAPER,1,YES,2026-10-01T18:01:00.438075+00:00,839.6,38,2026-10-01T18:13:03.647616+00:00,116.4,79,,sold,6,29,381,-812
KXSILVER15M-26OCT011415-15,SILVER,PAPER,3,YES,2026-10-01T18:04:07.644375+00:00,652.4,40,,,0,no,settled,0,17,-417,-1229
KXWTI15M-26OCT011430-30,WTI,PAPER,1,NO,2026-10-01T18:16:00.461357+00:00,839.5,40,2026-10-01T18:17:18.649828+00:00,761.4,65,,sold,37,33,217,-1012
KXCOPPER15M-26OCT011430-30,COPPER,PAPER,1,YES,2026-10-01T18:16:00.461118+00:00,839.5,41,2026-10-01T18:18:06.643334+00:00,713.4,68,,sold,39,33,237,-775
KXDOGE15M-26OCT011430-30,DOGE,PAPER,1,NO,2026-10-01T18:17:16.644167+00:00,763.4,40,2026-10-01T18:22:28.645611+00:00,451.4,72,,sold,28,32,288,-487
KXETH15M-26OCT011430-30,ETH,PAPER,1,YES,2026-10-01T18:16:00.461285+00:00,839.5,39,2026-10-01T18:23:18.643718+00:00,401.4,71,,sold,31,32,288,-199
KXDOGE15M-26OCT011430-30,DOGE,PAPER,2,YES,2026-10-01T18:22:40.643767+00:00,439.4,38,2026-10-01T18:23:18.645251+00:00,401.4,65,,sold,34,33,237,38
KXSOL15M-26OCT011430-30,SOL,PAPER,1,YES,2026-10-01T18:16:29.643813+00:00,810.4,42,2026-10-01T18:23:19.643060+00:00,400.4,66,,sold,22,34,206,244
KXXRP15M-26OCT011430-30,XRP,PAPER,1,YES,2026-10-01T18:17:12.645678+00:00,767.4,38,2026-10-01T18:24:47.644006+00:00,312.4,65,,sold,10,33,237,481
KXSOL15M-26OCT011430-30,SOL,PAPER,2,NO,2026-10-01T18:23:21.645384+00:00,398.4,39,2026-10-01T18:27:19.644363+00:00,160.4,65,,sold,24,33,227,708
KXWTI15M-26OCT011430-30,WTI,PAPER,2,YES,2026-10-01T18:17:43.644068+00:00,736.4,38,2026-10-01T18:27:53.644302+00:00,126.4,67,,sold,6,33,257,965
KXXRP15M-26OCT011430-30,XRP,PAPER,2,NO,2026-10-01T18:24:52.644016+00:00,307.4,39,2026-10-01T18:28:34.643660+00:00,85.4,68,,sold,15,33,257,1222
KXDOGE15M-26OCT011430-30,DOGE,PAPER,3,NO,2026-10-01T18:23:21.645092+00:00,398.4,38,2026-10-01T18:28:35.644548+00:00,84.4,73,,sold,19,31,319,1541
KXPLATINUM15M-26OCT011430-30,PLATINUM,PAPER,1,NO,2026-10-01T18:18:02.644882+00:00,717.4,42,2026-10-01T18:29:00.644874+00:00,59.4,65,,sold,2,34,196,1737
KXETH15M-26OCT011430-30,ETH,PAPER,2,NO,2026-10-01T18:23:43.645755+00:00,376.4,39,2026-10-01T18:29:14.645079+00:00,45.4,67,,sold,11,33,247,1984
KXBTC15M-26OCT011430-30,BTC,PAPER,1,YES,2026-10-01T18:17:13.645968+00:00,766.4,38,,,0,no,settled,0,17,-397,1587
KXCOPPER15M-26OCT011430-30,COPPER,PAPER,2,NO,2026-10-01T18:19:24.643528+00:00,635.4,38,,,0,yes,settled,0,17,-397,1190
KXGOLD15M-26OCT011430-30,GOLD,PAPER,1,NO,2026-10-01T18:16:29.644064+00:00,810.4,42,,,0,yes,settled,0,18,-438,752
KXSILVER15M-26OCT011430-30,SILVER,PAPER,1,NO,2026-10-01T18:16:29.644418+00:00,810.4,42,,,0,yes,settled,0,18,-438,314
KXPALLADIUM15M-26OCT011430-30,PALLADIUM,PAPER,1,NO,2026-10-01T18:17:15.643240+00:00,764.4,42,,,0,yes,settled,1,18,-438,-124
KXSOL15M-26OCT011445-45,SOL,PAPER,1,YES,2026-10-01T18:31:34.644427+00:00,805.4,42,2026-10-01T18:33:47.644486+00:00,672.4,66,,sold,40,34,206,82
KXXRP15M-26OCT011445-45,XRP,PAPER,1,YES,2026-10-01T18:31:35.645464+00:00,804.4,41,2026-10-01T18:33:51.644508+00:00,668.4,65,,sold,36,33,207,289
KXGOLD15M-26OCT011445-45,GOLD,PAPER,1,YES,2026-10-01T18:31:00.058252+00:00,839.9,42,2026-10-01T18:33:51.645746+00:00,668.4,68,,sold,35,34,226,515
KXPLATINUM15M-26OCT011445-45,PLATINUM,PAPER,1,YES,2026-10-01T18:31:44.643468+00:00,795.4,42,2026-10-01T18:33:55.644534+00:00,664.4,66,,sold,38,34,206,721
KXSILVER15M-26OCT011445-45,SILVER,PAPER,1,YES,2026-10-01T18:31:00.645054+00:00,839.4,42,2026-10-01T18:34:00.643425+00:00,659.4,65,,sold,36,34,196,917
KXPALLADIUM15M-26OCT011445-45,PALLADIUM,PAPER,1,YES,2026-10-01T18:31:26.644187+00:00,813.4,42,2026-10-01T18:34:12.644982+00:00,647.4,66,,sold,40,34,206,1123
KXCOPPER15M-26OCT011445-45,COPPER,PAPER,1,YES,2026-10-01T18:31:03.647712+00:00,836.4,41,2026-10-01T18:34:27.646778+00:00,632.4,65,,sold,29,33,207,1330
KXDOGE15M-26OCT011445-45,DOGE,PAPER,1,YES,2026-10-01T18:31:02.643752+00:00,837.4,42,2026-10-01T18:34:54.643787+00:00,605.4,65,,sold,31,34,196,1526
KXWTI15M-26OCT011445-45,WTI,PAPER,1,NO,2026-10-01T18:31:00.644804+00:00,839.4,42,2026-10-01T18:34:56.645680+00:00,603.4,66,,sold,32,34,206,1732
KXWTI15M-26OCT011445-45,WTI,PAPER,2,YES,2026-10-01T18:35:02.644770+00:00,597.4,39,2026-10-01T18:39:16.650516+00:00,343.3,69,,sold,25,32,268,2000
KXPLATINUM15M-26OCT011445-45,PLATINUM,PAPER,2,NO,2026-10-01T18:37:07.643707+00:00,472.4,38,2026-10-01T18:43:48.644961+00:00,71.4,67,,sold,19,33,257,2257
KXBTC15M-26OCT011445-45,BTC,PAPER,1,NO,2026-10-01T18:31:51.645691+00:00,788.4,41,,,0,yes,settled,0,17,-427,1830
KXETH15M-26OCT011445-45,ETH,PAPER,1,NO,2026-10-01T18:31:51.644373+00:00,788.4,41,,,0,yes,settled,0,17,-427,1403
KXCOPPER15M-26OCT011445-45,COPPER,PAPER,2,NO,2026-10-01T18:37:39.645907+00:00,440.4,38,,,0,yes,settled,0,17,-397,1006
KXSILVER15M-26OCT011500-00,SILVER,PAPER,1,YES,2026-10-01T18:50:06.643213+00:00,593.4,42,2026-10-01T18:56:17.644009+00:00,222.4,65,,sold,29,34,196,1202
KXCOPPER15M-26OCT011500-00,COPPER,PAPER,1,YES,2026-10-01T18:46:00.416292+00:00,839.6,42,2026-10-01T18:59:54.647303+00:00,5.4,68,,sold,1,34,226,1428
KXETH15M-26OCT011500-00,ETH,PAPER,1,YES,2026-10-01T18:47:19.643910+00:00,760.4,42,,,0,no,settled,0,18,-438,990
KXXRP15M-26OCT011500-00,XRP,PAPER,1,YES,2026-10-01T18:47:19.643128+00:00,760.4,41,,,0,no,settled,0,17,-427,563
KXBTC15M-26OCT011500-00,BTC,PAPER,1,YES,2026-10-01T18:47:15.646056+00:00,764.4,41,,,0,no,settled,0,17,-427,136
KXSOL15M-26OCT011500-00,SOL,PAPER,1,YES,2026-10-01T18:46:21.643552+00:00,818.4,40,,,0,no,settled,0,17,-417,-281
KXPLATINUM15M-26OCT011500-00,PLATINUM,PAPER,1,YES,2026-10-01T18:46:00.416491+00:00,839.6,42,,,0,no,settled,0,18,-438,-719
KXDOGE15M-26OCT011500-00,DOGE,PAPER,1,YES,2026-10-01T18:47:17.644786+00:00,762.4,42,,,0,no,settled,0,18,-438,-1157
KXWTI15M-26OCT011500-00,WTI,PAPER,1,YES,2026-10-01T18:47:48.644343+00:00,731.4,41,,,0,no,settled,0,17,-427,-1584
KXPALLADIUM15M-26OCT011500-00,PALLADIUM,PAPER,1,YES,2026-10-01T18:46:01.644098+00:00,838.4,42,,,100,yes,settled,8,18,562,-1022
KXGOLD15M-26OCT011500-00,GOLD,PAPER,1,YES,2026-10-01T18:46:27.644547+00:00,812.4,42,,,0,no,settled,0,18,-438,-1460
KXDOGE15M-26OCT011515-15,DOGE,PAPER,1,NO,2026-10-01T19:01:00.189002+00:00,839.8,42,2026-10-01T19:01:51.644846+00:00,788.4,65,,sold,41,34,196,-1264
KXSOL15M-26OCT011515-15,SOL,PAPER,1,NO,2026-10-01T19:01:00.188946+00:00,839.8,40,2026-10-01T19:02:36.643336+00:00,743.4,65,,sold,29,33,217,-1047
KXWTI15M-26OCT011515-15,WTI,PAPER,1,YES,2026-10-01T19:01:33.644523+00:00,806.4,42,2026-10-01T19:03:06.643491+00:00,713.4,65,,sold,40,34,196,-851
KXETH15M-26OCT011515-15,ETH,PAPER,1,YES,2026-10-01T19:01:18.644721+00:00,821.4,39,2026-10-01T19:06:57.646045+00:00,482.4,65,,sold,28,33,227,-624
KXSOL15M-26OCT011515-15,SOL,PAPER,2,YES,2026-10-01T19:02:57.645196+00:00,722.4,38,2026-10-01T19:07:16.643865+00:00,463.4,65,,sold,27,33,237,-387
KXBTC15M-26OCT011515-15,BTC,PAPER,1,YES,2026-10-01T19:01:19.645297+00:00,820.4,38,2026-10-01T19:07:37.644240+00:00,442.4,66,,sold,26,33,247,-140
KXDOGE15M-26OCT011515-15,DOGE,PAPER,2,YES,2026-10-01T19:04:04.649233+00:00,655.4,40,2026-10-01T19:07:38.643833+00:00,441.4,66,,sold,28,33,227,87
KXXRP15M-26OCT011515-15,XRP,PAPER,1,YES,2026-10-01T19:01:10.646315+00:00,829.4,42,2026-10-01T19:08:36.643934+00:00,383.4,68,,sold,10,34,226,313
KXWTI15M-26OCT011515-15,WTI,PAPER,2,NO,2026-10-01T19:03:29.644255+00:00,690.4,40,2026-10-01T19:09:17.644603+00:00,342.4,65,,sold,32,33,217,530
KXPLATINUM15M-26OCT011515-15,PLATINUM,PAPER,1,YES,2026-10-01T19:04:28.643135+00:00,631.4,39,2026-10-01T19:09:34.644303+00:00,325.4,69,,sold,29,32,268,798
KXWTI15M-26OCT011515-15,WTI,PAPER,3,YES,2026-10-01T19:09:43.645387+00:00,316.4,40,2026-10-01T19:10:03.644068+00:00,296.4,66,,sold,37,33,227,1025
KXPALLADIUM15M-26OCT011515-15,PALLADIUM,PAPER,1,YES,2026-10-01T19:01:00.188780+00:00,839.8,38,2026-10-01T19:10:12.649775+00:00,287.4,70,,sold,21,32,288,1313
KXSILVER15M-26OCT011515-15,SILVER,PAPER,1,YES,2026-10-01T19:01:48.652446+00:00,791.3,42,2026-10-01T19:10:28.645105+00:00,271.4,65,,sold,20,34,196,1509
KXCOPPER15M-26OCT011515-15,COPPER,PAPER,1,YES,2026-10-01T19:01:20.645420+00:00,819.4,42,2026-10-01T19:10:29.645216+00:00,270.4,67,,sold,20,34,216,1725
KXSOL15M-26OCT011515-15,SOL,PAPER,3,NO,2026-10-01T19:07:26.643823+00:00,453.4,39,2026-10-01T19:12:29.643851+00:00,150.4,65,,sold,4,33,227,1952
KXBTC15M-26OCT011515-15,BTC,PAPER,2,NO,2026-10-01T19:07:47.644797+00:00,432.4,41,2026-10-01T19:12:29.645609+00:00,150.4,68,,sold,9,33,237,2189
KXDOGE15M-26OCT011515-15,DOGE,PAPER,3,NO,2026-10-01T19:07:58.643369+00:00,421.4,38,2026-10-01T19:12:29.645950+00:00,150.4,71,,sold,3,32,298,2487
KXETH15M-26OCT011515-15,ETH,PAPER,2,NO,2026-10-01T19:07:04.644376+00:00,475.4,38,,,0,yes,settled,0,17,-397,2090
KXGOLD15M-26OCT011515-15,GOLD,PAPER,1,YES,2026-10-01T19:01:03.644523+00:00,836.4,42,,,0,no,settled,0,18,-438,1652
KXWTI15M-26OCT011530-30,WTI,PAPER,1,YES,2026-10-01T19:16:11.643678+00:00,828.4,42,2026-10-01T19:17:09.643350+00:00,770.4,65,,sold,40,34,196,1848
KXSOL15M-26OCT011530-30,SOL,PAPER,1,NO,2026-10-01T19:16:04.643170+00:00,835.4,42,2026-10-01T19:17:54.643388+00:00,725.4,66,,sold,40,34,206,2054
KXETH15M-26OCT011530-30,ETH,PAPER,1,NO,2026-10-01T19:16:01.643292+00:00,838.4,38,2026-10-01T19:18:20.644080+00:00,699.4,66,,sold,30,33,247,2301
KXGOLD15M-26OCT011530-30,GOLD,PAPER,1,NO,2026-10-01T19:16:29.644523+00:00,810.4,38,2026-10-01T19:27:13.644572+00:00,166.4,74,,sold,9,31,329,2630
KXSOL15M-26OCT011530-30,SOL,PAPER,2,YES,2026-10-01T19:19:13.644080+00:00,646.4,38,,,0,no,settled,0,17,-397,2233
KXBTC15M-26OCT011530-30,BTC,PAPER,1,YES,2026-10-01T19:17:53.644288+00:00,726.4,42,,,0,no,settled,0,18,-438,1795
KXXRP15M-26OCT011530-30,XRP,PAPER,1,YES,2026-10-01T19:16:28.644968+00:00,811.4,42,,,0,no,settled,0,18,-438,1357
KXETH15M-26OCT011530-30,ETH,PAPER,2,YES,2026-10-01T19:18:47.645856+00:00,672.4,42,,,0,no,settled,0,18,-438,919
KXDOGE15M-26OCT011530-30,DOGE,PAPER,1,YES,2026-10-01T19:17:48.643723+00:00,731.4,42,,,0,no,settled,0,18,-438,481
KXSILVER15M-26OCT011530-30,SILVER,PAPER,1,NO,2026-10-01T19:16:00.643400+00:00,839.4,38,,,0,yes,settled,0,17,-397,84
KXWTI15M-26OCT011530-30,WTI,PAPER,2,NO,2026-10-01T19:17:12.643414+00:00,767.4,38,,,0,yes,settled,0,17,-397,-313
KXCOPPER15M-26OCT011530-30,COPPER,PAPER,1,NO,2026-10-01T19:16:02.645405+00:00,837.4,40,,,0,yes,settled,0,17,-417,-730
KXPLATINUM15M-26OCT011530-30,PLATINUM,PAPER,1,NO,2026-10-01T19:16:00.388778+00:00,839.6,39,,,0,yes,settled,0,17,-407,-1137
KXPALLADIUM15M-26OCT011530-30,PALLADIUM,PAPER,1,NO,2026-10-01T19:16:12.642354+00:00,827.4,42,,,0,yes,settled,0,18,-438,-1575
KXPALLADIUM15M-26OCT011545-45,PALLADIUM,PAPER,1,NO,2026-10-01T19:31:36.643396+00:00,803.4,38,2026-10-01T19:36:29.643771+00:00,510.4,66,,sold,31,33,247,-1328
KXDOGE15M-26OCT011545-45,DOGE,PAPER,1,NO,2026-10-01T19:31:06.643652+00:00,833.4,41,2026-10-01T19:37:43.644175+00:00,436.4,66,,sold,10,33,217,-1111
KXXRP15M-26OCT011545-45,XRP,PAPER,1,NO,2026-10-01T19:31:03.643542+00:00,836.4,41,2026-10-01T19:37:45.645651+00:00,434.4,67,,sold,15,33,227,-884
KXGOLD15M-26OCT011545-45,GOLD,PAPER,1,NO,2026-10-01T19:31:04.648128+00:00,835.4,38,2026-10-01T19:38:11.644921+00:00,408.4,67,,sold,23,33,257,-627
KXXRP15M-26OCT011545-45,XRP,PAPER,2,YES,2026-10-01T19:38:07.643217+00:00,412.4,38,2026-10-01T19:39:25.643224+00:00,334.4,65,,sold,33,33,237,-390
KXDOGE15M-26OCT011545-45,DOGE,PAPER,2,YES,2026-10-01T19:38:08.644610+00:00,411.4,39,2026-10-01T19:39:34.643292+00:00,325.4,66,,sold,31,33,237,-153
KXDOGE15M-26OCT011545-45,DOGE,PAPER,3,NO,2026-10-01T19:39:46.644614+00:00,313.4,39,2026-10-01T19:40:17.647536+00:00,282.4,66,,sold,34,33,237,84
KXSILVER15M-26OCT011545-45,SILVER,PAPER,1,NO,2026-10-01T19:31:05.644674+00:00,834.4,41,2026-10-01T19:40:29.643724+00:00,270.4,69,,sold,21,32,248,332
KXWTI15M-26OCT011545-45,WTI,PAPER,1,NO,2026-10-01T19:31:07.643078+00:00,832.4,38,2026-10-01T19:42:17.643645+00:00,162.4,65,,sold,10,33,237,569
KXGOLD15M-26OCT011545-45,GOLD,PAPER,2,YES,2026-10-01T19:38:22.644517+00:00,397.4,38,2026-10-01T19:44:35.644198+00:00,24.4,79,,sold,4,29,381,950
KXETH15M-26OCT011545-45,ETH,PAPER,1,NO,2026-10-01T19:31:04.646712+00:00,835.4,42,,,0,yes,settled,0,18,-438,512
KXBTC15M-26OCT011545-45,BTC,PAPER,1,NO,2026-10-01T19:31:00.644315+00:00,839.4,41,,,0,yes,settled,0,17,-427,85
KXSOL15M-26OCT011545-45,SOL,PAPER,1,NO,2026-10-01T19:31:03.642443+00:00,836.4,40,,,0,yes,settled,0,17,-417,-332
KXCOPPER15M-26OCT011545-45,COPPER,PAPER,1,NO,2026-10-01T19:34:42.644310+00:00,617.4,40,,,0,yes,settled,0,17,-417,-749
KXPLATINUM15M-26OCT011545-45,PLATINUM,PAPER,1,NO,2026-10-01T19:31:06.642955+00:00,833.4,42,,,0,yes,settled,0,18,-438,-1187
KXSOL15M-26OCT011600-00,SOL,PAPER,1,NO,2026-10-01T19:46:00.027369+00:00,840.0,38,2026-10-01T19:48:58.644006+00:00,661.4,65,,sold,27,33,237,-950
KXETH15M-26OCT011600-00,ETH,PAPER,1,NO,2026-10-01T19:46:33.644669+00:00,806.4,42,2026-10-01T19:49:02.646099+00:00,657.4,65,,sold,36,34,196,-754
KXSOL15M-26OCT011600-00,SOL,PAPER,2,YES,2026-10-01T19:49:10.643530+00:00,649.4,41,2026-10-01T19:50:11.649228+00:00,588.4,65,,sold,34,33,207,-547
KXETH15M-26OCT011600-00,ETH,PAPER,2,YES,2026-10-01T19:49:09.643630+00:00,650.4,38,2026-10-01T19:50:28.643392+00:00,571.4,65,,sold,33,33,237,-310
KXSILVER15M-26OCT011600-00,SILVER,PAPER,1,YES,2026-10-01T19:46:39.642918+00:00,800.4,42,2026-10-01T19:50:31.644781+00:00,568.4,67,,sold,28,34,216,-94
KXGOLD15M-26OCT011600-00,GOLD,PAPER,1,YES,2026-10-01T19:46:46.644170+00:00,793.4,42,2026-10-01T19:50:35.644111+00:00,564.4,67,,sold,25,34,216,122
KXCOPPER15M-26OCT011600-00,COPPER,PAPER,1,YES,2026-10-01T19:47:02.644214+00:00,777.4,40,2026-10-01T19:50:36.648453+00:00,563.4,69,,sold,30,32,258,380
KXPLATINUM15M-26OCT011600-00,PLATINUM,PAPER,1,YES,2026-10-01T19:46:40.643313+00:00,799.4,41,2026-10-01T19:50:39.643743+00:00,560.4,66,,sold,25,33,217,597
KXBTC15M-26OCT011600-00,BTC,PAPER,1,YES,2026-10-01T19:48:26.644379+00:00,693.4,42,2026-10-01T19:51:10.645326+00:00,529.4,68,,sold,25,34,226,823
KXPALLADIUM15M-26OCT011600-00,PALLADIUM,PAPER,1,YES,2026-10-01T19:46:03.644704+00:00,836.4,42,2026-10-01T19:52:48.644816+00:00,431.4,69,,sold,16,33,237,1060
KXCOPPER15M-26OCT011600-00,COPPER,PAPER,2,NO,2026-10-01T19:50:41.645230+00:00,558.4,38,2026-10-01T19:55:06.644652+00:00,293.4,66,,sold,25,33,247,1307
KXBTC15M-26OCT011600-00,BTC,PAPER,2,NO,2026-10-01T19:52:13.645364+00:00,466.4,39,2026-10-01T19:55:11.644433+00:00,288.4,66,,sold,26,33,237,1544
KXPLATINUM15M-26OCT011600-00,PLATINUM,PAPER,2,NO,2026-10-01T19:50:41.645494+00:00,558.4,39,2026-10-01T19:55:17.643719+00:00,282.4,66,,sold,25,33,237,1781
KXGOLD15M-26OCT011600-00,GOLD,PAPER,2,NO,2026-10-01T19:51:33.644125+00:00,506.4,40,2026-10-01T19:55:20.644692+00:00,279.4,66,,sold,37,33,227,2008
KXETH15M-26OCT011600-00,ETH,PAPER,3,NO,2026-10-01T19:54:52.644464+00:00,307.4,38,2026-10-01T19:55:25.644587+00:00,274.4,66,,sold,28,33,247,2255
KXSILVER15M-26OCT011600-00,SILVER,PAPER,2,NO,2026-10-01T19:51:45.643996+00:00,494.4,40,2026-10-01T19:58:29.644163+00:00,90.4,68,,sold,18,33,247,2502
KXPALLADIUM15M-26OCT011600-00,PALLADIUM,PAPER,2,NO,2026-10-01T19:53:32.645286+00:00,387.4,41,2026-10-01T19:58:31.645447+00:00,88.4,65,,sold,28,33,207,2709
KXDOGE15M-26OCT011600-00,DOGE,PAPER,1,NO,2026-10-01T19:46:05.643036+00:00,834.4,39,,,0,yes,settled,0,17,-407,2302
KXXRP15M-26OCT011600-00,XRP,PAPER,1,NO,2026-10-01T19:46:03.642684+00:00,836.4,39,,,0,yes,settled,0,17,-407,1895
KXWTI15M-26OCT011600-00,WTI,PAPER,1,NO,2026-10-01T19:47:12.644016+00:00,767.4,39,,,0,yes,settled,0,17,-407,1488
KXPALLADIUM15M-26OCT011615-15,PALLADIUM,PAPER,1,NO,2026-10-01T20:01:29.644895+00:00,810.4,39,2026-10-01T20:08:50.643207+00:00,369.4,67,,sold,20,33,247,1735
KXCOPPER15M-26OCT011615-15,COPPER,PAPER,1,NO,2026-10-01T20:01:03.644990+00:00,836.4,40,2026-10-01T20:08:56.644049+00:00,363.4,73,,sold,32,31,299,2034
KXSOL15M-26OCT011615-15,SOL,PAPER,1,NO,2026-10-01T20:03:03.642713+00:00,716.4,38,,,0,yes,settled,1,17,-397,1637
KXGOLD15M-26OCT011615-15,GOLD,PAPER,1,NO,2026-10-01T20:04:07.645211+00:00,652.4,39,,,0,yes,settled,0,17,-407,1230
KXSILVER15M-26OCT011615-15,SILVER,PAPER,1,NO,2026-10-01T20:01:00.138783+00:00,839.9,38,,,0,yes,settled,0,17,-397,833
KXWTI15M-26OCT011615-15,WTI,PAPER,1,YES,2026-10-01T20:01:30.643442+00:00,809.4,42,,,0,no,settled,0,18,-438,395
KXPLATINUM15M-26OCT011630-30,PLATINUM,PAPER,1,YES,2026-10-01T20:16:01.646503+00:00,838.4,39,2026-10-01T20:17:46.643611+00:00,733.4,67,,sold,34,33,247,642
KXSOL15M-26OCT011630-30,SOL,PAPER,1,NO,2026-10-01T20:16:00.183769+00:00,839.8,42,2026-10-01T20:18:25.643761+00:00,694.4,70,,sold,33,33,247,889
KXBTC15M-26OCT011630-30,BTC,PAPER,1,YES,2026-10-01T20:17:01.644789+00:00,778.4,42,2026-10-01T20:20:58.644395+00:00,541.4,67,,sold,41,34,216,1105
KXPLATINUM15M-26OCT011630-30,PLATINUM,PAPER,2,NO,2026-10-01T20:18:00.643528+00:00,719.4,42,2026-10-01T20:21:20.645012+00:00,519.4,65,,sold,34,34,196,1301
KXSOL15M-26OCT011630-30,SOL,PAPER,2,YES,2026-10-01T20:19:24.643486+00:00,635.4,40,2026-10-01T20:21:25.646406+00:00,514.4,68,,sold,29,33,247,1548
KXDOGE15M-26OCT011630-30,DOGE,PAPER,1,NO,2026-10-01T20:16:30.644163+00:00,809.4,42,2026-10-01T20:22:34.642698+00:00,445.4,66,,sold,34,34,206,1754
KXSOL15M-26OCT011630-30,SOL,PAPER,3,NO,2026-10-01T20:21:28.646213+00:00,511.4,41,2026-10-01T20:23:52.646331+00:00,367.4,66,,sold,32,33,217,1971
KXGOLD15M-26OCT011630-30,GOLD,PAPER,1,NO,2026-10-01T20:16:24.644726+00:00,815.4,41,2026-10-01T20:25:43.643846+00:00,256.4,70,,sold,25,32,258,2229
KXSILVER15M-26OCT011630-30,SILVER,PAPER,1,NO,2026-10-01T20:16:23.644330+00:00,816.4,40,2026-10-01T20:26:15.647666+00:00,224.4,65,,sold,17,33,217,2446
KXCOPPER15M-26OCT011630-30,COPPER,PAPER,1,NO,2026-10-01T20:16:39.644992+00:00,800.4,40,2026-10-01T20:26:27.642799+00:00,212.4,77,,sold,16,30,340,2786
KXPALLADIUM15M-26OCT011630-30,PALLADIUM,PAPER,1,NO,2026-10-01T20:16:33.644124+00:00,806.4,42,2026-10-01T20:27:27.643658+00:00,152.4,66,,sold,28,34,206,2992
KXBTC15M-26OCT011630-30,BTC,PAPER,2,NO,2026-10-01T20:21:56.643969+00:00,483.4,40,2026-10-01T20:29:12.644480+00:00,47.4,72,,sold,15,32,288,3280
KXETH15M-26OCT011630-30,ETH,PAPER,1,NO,2026-10-01T20:16:02.644691+00:00,837.4,40,2026-10-01T20:29:15.645692+00:00,44.4,69,,sold,18,32,258,3538
KXSOL15M-26OCT011630-30,SOL,PAPER,4,YES,2026-10-01T20:23:59.644053+00:00,360.4,38,,,0,no,settled,0,17,-397,3141
KXXRP15M-26OCT011630-30,XRP,PAPER,1,NO,2026-10-01T20:16:00.183920+00:00,839.8,40,,,0,yes,settled,0,17,-417,2724
KXDOGE15M-26OCT011630-30,DOGE,PAPER,2,YES,2026-10-01T20:22:37.644825+00:00,442.4,38,,,0,no,settled,0,17,-397,2327
KXPLATINUM15M-26OCT011630-30,PLATINUM,PAPER,3,YES,2026-10-01T20:22:03.644832+00:00,476.4,39,,,0,no,settled,0,17,-407,1920
KXCOPPER15M-26OCT011645-45,COPPER,PAPER,1,NO,2026-10-01T20:33:07.642714+00:00,712.4,42,2026-10-01T20:35:00.644034+00:00,599.4,71,,sold,39,33,257,2177
KXWTI15M-26OCT011645-45,WTI,PAPER,1,NO,2026-10-01T20:31:00.124682+00:00,839.9,41,2026-10-01T20:35:09.643663+00:00,590.4,67,,sold,25,33,227,2404
KXDOGE15M-26OCT011645-45,DOGE,PAPER,1,NO,2026-10-01T20:32:24.644139+00:00,755.4,42,2026-10-01T20:35:49.644102+00:00,550.4,65,,sold,41,34,196,2600
KXSILVER15M-26OCT011645-45,SILVER,PAPER,1,NO,2026-10-01T20:31:00.124518+00:00,839.9,42,2026-10-01T20:36:12.643513+00:00,527.4,67,,sold,30,34,216,2816
KXPALLADIUM15M-26OCT011645-45,PALLADIUM,PAPER,1,NO,2026-10-01T20:32:37.643594+00:00,742.4,41,2026-10-01T20:36:27.643437+00:00,512.4,66,,sold,37,33,217,3033
KXPLATINUM15M-26OCT011645-45,PLATINUM,PAPER,1,YES,2026-10-01T20:33:09.644351+00:00,710.4,42,2026-10-01T20:41:02.644019+00:00,237.4,68,,sold,21,34,226,3259
KXWTI15M-26OCT011645-45,WTI,PAPER,2,YES,2026-10-01T20:37:19.643065+00:00,460.4,38,2026-10-01T20:41:51.644160+00:00,188.4,66,,sold,13,33,247,3506
KXPALLADIUM15M-26OCT011645-45,PALLADIUM,PAPER,2,YES,2026-10-01T20:37:03.645010+00:00,476.4,40,2026-10-01T20:42:21.643125+00:00,158.4,70,,sold,16,32,268,3774
KXSOL15M-26OCT011645-45,SOL,PAPER,1,YES,2026-10-01T20:31:50.644221+00:00,789.4,38,,,0,no,settled,0,17,-397,3377
KXBTC15M-26OCT011645-45,BTC,PAPER,1,YES,2026-10-01T20:31:52.644598+00:00,787.4,42,,,0,no,settled,0,18,-438,2939
KXXRP15M-26OCT011645-45,XRP,PAPER,1,YES,2026-10-01T20:31:35.643944+00:00,804.4,42,,,0,no,settled,1,18,-438,2501
KXETH15M-26OCT011645-45,ETH,PAPER,1,YES,2026-10-01T20:32:56.644298+00:00,723.4,41,,,0,no,settled,0,17,-427,2074
KXSILVER15M-26OCT011645-45,SILVER,PAPER,2,YES,2026-10-01T20:37:04.644597+00:00,475.4,40,,,0,no,settled,0,17,-417,1657
KXCOPPER15M-26OCT011645-45,COPPER,PAPER,2,YES,2026-10-01T20:38:34.643682+00:00,385.4,40,,,0,no,settled,0,17,-417,1240
KXGOLD15M-26OCT011645-45,GOLD,PAPER,1,YES,2026-10-01T20:32:01.643467+00:00,778.4,42,,,0,no,settled,0,18,-438,802
KXBTC15M-26OCT011700-00,BTC,PAPER,1,YES,2026-10-01T20:46:05.646305+00:00,834.4,38,2026-10-01T20:47:38.645020+00:00,741.4,65,,sold,37,33,237,1039
KXSOL15M-26OCT011700-00,SOL,PAPER,1,YES,2026-10-01T20:46:17.643865+00:00,822.4,38,2026-10-01T20:48:06.646028+00:00,713.4,73,,sold,36,31,319,1358
KXDOGE15M-26OCT011700-00,DOGE,PAPER,1,YES,2026-10-01T20:46:22.644226+00:00,817.4,41,2026-10-01T20:48:29.644807+00:00,690.4,69,,sold,39,32,248,1606
KXWTI15M-26OCT011700-00,WTI,PAPER,1,NO,2026-10-01T20:48:02.644981+00:00,717.4,39,2026-10-01T20:50:10.643971+00:00,589.4,66,,sold,36,33,237,1843
KXETH15M-26OCT011700-00,ETH,PAPER,1,YES,2026-10-01T20:46:17.644595+00:00,822.4,38,2026-10-01T20:50:47.649412+00:00,552.4,65,,sold,34,33,237,2080
KXXRP15M-26OCT011700-00,XRP,PAPER,1,YES,2026-10-01T20:46:42.647155+00:00,797.4,39,2026-10-01T20:51:14.643902+00:00,525.4,66,,sold,27,33,237,2317
KXPALLADIUM15M-26OCT011700-00,PALLADIUM,PAPER,1,NO,2026-10-01T20:50:30.654469+00:00,569.3,40,2026-10-01T20:51:40.645397+00:00,499.4,75,,sold,31,31,319,2636
KXXRP15M-26OCT011700-00,XRP,PAPER,2,NO,2026-10-01T20:51:29.644097+00:00,510.4,40,2026-10-01T20:54:04.648929+00:00,355.4,66,,sold,32,33,227,2863
KXXRP15M-26OCT011700-00,XRP,PAPER,3,YES,2026-10-01T20:54:06.645158+00:00,353.4,38,2026-10-01T20:55:17.644004+00:00,282.4,66,,sold,37,33,247,3110
KXCOPPER15M-26OCT011700-00,COPPER,PAPER,1,NO,2026-10-01T20:46:03.643512+00:00,836.4,38,2026-10-01T20:55:19.646828+00:00,280.4,66,,sold,8,33,247,3357
KXDOGE15M-26OCT011700-00,DOGE,PAPER,2,NO,2026-10-01T20:48:58.644194+00:00,661.4,38,2026-10-01T20:56:34.644089+00:00,205.4,65,,sold,15,33,237,3594
KXETH15M-26OCT011700-00,ETH,PAPER,2,NO,2026-10-01T20:54:02.644588+00:00,357.4,39,,,0,yes,settled,0,17,-407,3187
KXBTC15M-26OCT011700-00,BTC,PAPER,2,NO,2026-10-01T20:47:43.644103+00:00,736.4,40,,,0,yes,settled,1,17,-417,2770
KXSILVER15M-26OCT011700-00,SILVER,PAPER,1,NO,2026-10-01T20:46:02.645593+00:00,837.4,40,,,0,yes,settled,0,17,-417,2353
KXWTI15M-26OCT011700-00,WTI,PAPER,2,YES,2026-10-01T20:50:12.643626+00:00,587.4,40,,,0,no,settled,0,17,-417,1936
KXGOLD15M-26OCT011700-00,GOLD,PAPER,1,NO,2026-10-01T20:46:03.645633+00:00,836.4,38,,,0,yes,settled,0,17,-397,1539
KXETH15M-26OCT011715-15,ETH,PAPER,1,NO,2026-10-01T21:02:23.643684+00:00,756.4,41,2026-10-01T21:03:26.642868+00:00,693.4,66,,sold,40,33,217,1756
KXSOL15M-26OCT011715-15,SOL,PAPER,1,NO,2026-10-01T21:02:23.644124+00:00,756.4,41,2026-10-01T21:03:55.643891+00:00,664.4,65,,sold,40,33,207,1963
KXDOGE15M-26OCT011715-15,DOGE,PAPER,1,YES,2026-10-01T21:05:36.643454+00:00,563.4,42,2026-10-01T21:06:47.643929+00:00,492.4,65,,sold,41,34,196,2159
KXWTI15M-26OCT011715-15,WTI,PAPER,1,YES,2026-10-01T21:02:19.644909+00:00,760.4,41,2026-10-01T21:11:20.644202+00:00,219.4,65,,sold,17,33,207,2366
KXDOGE15M-26OCT011715-15,DOGE,PAPER,2,NO,2026-10-01T21:07:01.643310+00:00,478.4,40,2026-10-01T21:11:51.644021+00:00,188.4,65,,sold,35,33,217,2583
KXSOL15M-26OCT011715-15,SOL,PAPER,2,YES,2026-10-01T21:05:37.643406+00:00,562.4,38,,,0,no,settled,0,17,-397,2186
KXXRP15M-26OCT011715-15,XRP,PAPER,1,YES,2026-10-01T21:01:21.643067+00:00,818.4,40,,,0,no,settled,0,17,-417,1769
KXETH15M-26OCT011715-15,ETH,PAPER,2,YES,2026-10-01T21:03:37.644978+00:00,682.4,38,,,0,no,settled,0,17,-397,1372
KXBTC15M-26OCT011715-15,BTC,PAPER,1,NO,2026-10-01T21:02:23.644644+00:00,756.4,42,,,0,yes,settled,0,18,-438,934
KXDOGE15M-26OCT011730-30,DOGE,PAPER,1,YES,2026-10-01T21:17:05.643110+00:00,774.4,38,2026-10-01T21:20:07.646149+00:00,592.4,66,,sold,22,33,247,1181
KXBTC15M-26OCT011730-30,BTC,PAPER,1,YES,2026-10-01T21:17:00.669728+00:00,779.3,38,2026-10-01T21:20:13.648320+00:00,586.4,67,,sold,31,33,257,1438
KXXRP15M-26OCT011730-30,XRP,PAPER,1,YES,2026-10-01T21:17:12.642790+00:00,767.4,40,2026-10-01T21:20:13.648910+00:00,586.4,69,,sold,27,32,258,1696
KXETH15M-26OCT011730-30,ETH,PAPER,1,YES,2026-10-01T21:16:00.164028+00:00,839.8,42,2026-10-01T21:20:20.646511+00:00,579.4,68,,sold,21,34,226,1922
KXDOGE15M-26OCT011730-30,DOGE,PAPER,2,NO,2026-10-01T21:21:02.644630+00:00,537.4,38,2026-10-01T21:22:18.646621+00:00,461.4,68,,sold,33,33,267,2189
KXXRP15M-26OCT011730-30,XRP,PAPER,2,NO,2026-10-01T21:20:39.950086+00:00,560.0,39,2026-10-01T21:24:02.647818+00:00,357.4,67,,sold,24,33,247,2436
KXETH15M-26OCT011730-30,ETH,PAPER,2,NO,2026-10-01T21:20:40.645191+00:00,559.4,38,2026-10-01T21:24:02.648832+00:00,357.4,65,,sold,29,33,237,2673
KXBTC15M-26OCT011730-30,BTC,PAPER,2,NO,2026-10-01T21:20:41.643945+00:00,558.4,38,2026-10-01T21:24:04.643909+00:00,355.4,66,,sold,26,33,247,2920
KXSOL15M-26OCT011730-30,SOL,PAPER,1,NO,2026-10-01T21:17:29.643435+00:00,750.4,42,2026-10-01T21:28:28.643537+00:00,91.4,69,,sold,10,33,237,3157
KXBTC15M-26OCT011730-30,BTC,PAPER,3,YES,2026-10-01T21:24:15.644055+00:00,344.4,39,,,0,no,settled,1,17,-407,2750
KXETH15M-26OCT011730-30,ETH,PAPER,3,YES,2026-10-01T21:24:15.643338+00:00,344.4,38,,,0,no,settled,0,17,-397,2353
KXXRP15M-26OCT011730-30,XRP,PAPER,3,YES,2026-10-01T21:24:15.644282+00:00,344.4,40,,,0,no,settled,0,17,-417,1936
KXDOGE15M-26OCT011730-30,DOGE,PAPER,3,YES,2026-10-01T21:22:33.645884+00:00,446.4,41,,,0,no,settled,0,17,-427,1509
KXWTI15M-26OCT011730-30,WTI,PAPER,1,NO,2026-10-01T21:16:57.733239+00:00,782.3,42,,,0,yes,settled,0,18,-438,1071
KXBTC15M-26OCT011745-45,BTC,PAPER,1,YES,2026-10-01T21:31:00.292970+00:00,839.7,39,2026-10-01T21:32:40.644335+00:00,739.4,65,,sold,36,33,227,1298
KXETH15M-26OCT011745-45,ETH,PAPER,1,YES,2026-10-01T21:31:41.644316+00:00,798.4,38,2026-10-01T21:32:41.647956+00:00,738.4,65,,sold,37,33,237,1535
KXBTC15M-26OCT011745-45,BTC,PAPER,2,NO,2026-10-01T21:32:41.648674+00:00,738.4,42,2026-10-01T21:33:49.643833+00:00,670.4,65,,sold,41,34,196,1731
KXETH15M-26OCT011745-45,ETH,PAPER,2,NO,2026-10-01T21:32:42.797835+00:00,737.2,39,2026-10-01T21:34:57.643869+00:00,602.4,66,,sold,38,33,237,1968
KXWTI15M-26OCT011745-45,WTI,PAPER,1,NO,2026-10-01T21:31:01.643863+00:00,838.4,41,2026-10-01T21:36:33.644574+00:00,506.4,67,,sold,25,33,227,2195
KXXRP15M-26OCT011745-45,XRP,PAPER,1,YES,2026-10-01T21:32:39.643375+00:00,740.4,39,,,0,no,settled,0,17,-407,1788
KXDOGE15M-26OCT011745-45,DOGE,PAPER,1,YES,2026-10-01T21:32:41.647209+00:00,738.4,38,,,0,no,settled,0,17,-397,1391
KXETH15M-26OCT011745-45,ETH,PAPER,3,YES,2026-10-01T21:35:14.644021+00:00,585.4,42,,,0,no,settled,0,18,-438,953
KXSOL15M-26OCT011745-45,SOL,PAPER,1,YES,2026-10-01T21:31:39.643993+00:00,800.4,39,,,0,no,settled,0,17,-407,546
KXBTC15M-26OCT011745-45,BTC,PAPER,3,YES,2026-10-01T21:34:19.643743+00:00,640.4,38,,,0,no,settled,0,17,-397,149
KXWTI15M-26OCT011745-45,WTI,PAPER,2,YES,2026-10-01T21:36:43.644091+00:00,496.4,38,,,0,no,settled,0,17,-397,-248
KXBTC15M-26OCT011800-00,BTC,PAPER,1,NO,2026-10-01T21:46:13.643852+00:00,826.4,41,,,0,yes,settled,0,17,-427,-675
KXETH15M-26OCT011800-00,ETH,PAPER,1,NO,2026-10-01T21:46:00.423832+00:00,839.6,42,,,0,yes,settled,0,18,-438,-1113
KXSOL15M-26OCT011800-00,SOL,PAPER,1,NO,2026-10-01T21:52:13.643706+00:00,466.4,39,,,0,yes,settled,0,17,-407,-1520
KXWTI15M-26OCT011800-00,WTI,PAPER,1,NO,2026-10-01T21:47:14.644989+00:00,765.4,41,,,0,yes,settled,0,17,-427,-1947
KXWTI15M-26OCT011815-15,WTI,PAPER,1,YES,2026-10-01T22:01:11.644002+00:00,828.4,42,,,0,no,settled,0,18,-438,-2385
KXXRP15M-26OCT011830-30,XRP,PAPER,1,YES,2026-10-01T22:16:00.307475+00:00,839.7,42,2026-10-01T22:17:42.644727+00:00,737.4,66,,sold,32,34,206,-2179
KXXRP15M-26OCT011830-30,XRP,PAPER,2,NO,2026-10-01T22:17:48.644437+00:00,731.4,38,2026-10-01T22:20:15.643535+00:00,584.4,65,,sold,35,33,237,-1942
KXWTI15M-26OCT011830-30,WTI,PAPER,1,NO,2026-10-01T22:17:26.646123+00:00,753.4,42,2026-10-01T22:20:37.644605+00:00,562.4,65,,sold,40,34,196,-1746
KXDOGE15M-26OCT011830-30,DOGE,PAPER,1,YES,2026-10-01T22:16:00.307498+00:00,839.7,40,2026-10-01T22:21:53.644142+00:00,486.4,66,,sold,33,33,227,-1519
KXXRP15M-26OCT011830-30,XRP,PAPER,3,YES,2026-10-01T22:20:45.645687+00:00,554.4,38,2026-10-01T22:21:55.644415+00:00,484.4,65,,sold,33,33,237,-1282
KXETH15M-26OCT011830-30,ETH,PAPER,1,YES,2026-10-01T22:16:00.307426+00:00,839.7,39,2026-10-01T22:21:56.647668+00:00,483.4,65,,sold,31,33,227,-1055
KXXRP15M-26OCT011830-30,XRP,PAPER,4,NO,2026-10-01T22:22:05.649053+00:00,474.4,39,2026-10-01T22:23:24.645982+00:00,395.4,68,,sold,38,33,257,-798
KXETH15M-26OCT011830-30,ETH,PAPER,2,NO,2026-10-01T22:22:05.648057+00:00,474.4,38,2026-10-01T22:23:27.644377+00:00,392.4,67,,sold,35,33,257,-541
KXDOGE15M-26OCT011830-30,DOGE,PAPER,2,NO,2026-10-01T22:22:07.644491+00:00,472.4,38,2026-10-01T22:23:27.646331+00:00,392.4,68,,sold,35,33,267,-274
KXETH15M-26OCT011830-30,ETH,PAPER,3,YES,2026-10-01T22:23:30.652338+00:00,389.3,42,2026-10-01T22:26:14.643803+00:00,225.4,66,,sold,37,34,206,-68
KXDOGE15M-26OCT011830-30,DOGE,PAPER,3,YES,2026-10-01T22:23:31.646497+00:00,388.4,38,2026-10-01T22:26:14.644760+00:00,225.4,66,,sold,34,33,247,179
KXSOL15M-26OCT011830-30,SOL,PAPER,1,YES,2026-10-01T22:16:39.644627+00:00,800.4,42,2026-10-01T22:26:46.644317+00:00,193.4,65,,sold,28,34,196,375
KXBTC15M-26OCT011830-30,BTC,PAPER,1,YES,2026-10-01T22:16:00.307269+00:00,839.7,39,,,0,no,settled,0,17,-407,-32
KXXRP15M-26OCT011830-30,XRP,PAPER,5,YES,2026-10-01T22:23:32.644316+00:00,387.4,39,,,0,no,settled,0,17,-407,-439
KXSILVER15M-26OCT011830-30,SILVER,PAPER,1,YES,2026-10-01T22:16:16.644170+00:00,823.4,42,,,0,no,settled,0,18,-438,-877
KXPALLADIUM15M-26OCT011830-30,PALLADIUM,PAPER,1,YES,2026-10-01T22:17:22.644720+00:00,757.4,42,,,0,no,settled,1,18,-438,-1315
KXGOLD15M-26OCT011830-30,GOLD,PAPER,1,YES,2026-10-01T22:16:16.644733+00:00,823.4,42,,,0,no,settled,0,18,-438,-1753
KXCOPPER15M-26OCT011830-30,COPPER,PAPER,1,YES,2026-10-01T22:16:32.648731+00:00,807.4,42,,,0,no,settled,0,18,-438,-2191
KXPLATINUM15M-26OCT011830-30,PLATINUM,PAPER,1,YES,2026-10-01T22:16:51.644075+00:00,788.4,42,,,0,no,settled,2,18,-438,-2629
KXWTI15M-26OCT011830-30,WTI,PAPER,2,YES,2026-10-01T22:21:18.645086+00:00,521.4,39,,,0,no,settled,0,17,-407,-3036
KXSOL15M-26OCT011845-45,SOL,PAPER,1,NO,2026-10-01T22:31:15.644159+00:00,824.4,42,2026-10-01T22:34:59.645201+00:00,600.4,65,,sold,32,34,196,-2840
KXSOL15M-26OCT011845-45,SOL,PAPER,2,YES,2026-10-01T22:35:08.644203+00:00,591.4,42,2026-10-01T22:35:44.644317+00:00,555.4,66,,sold,41,34,206,-2634
KXETH15M-26OCT011845-45,ETH,PAPER,1,YES,2026-10-01T22:31:26.644440+00:00,813.4,40,2026-10-01T22:35:44.645201+00:00,555.4,71,,sold,32,32,278,-2356
KXBTC15M-26OCT011845-45,BTC,PAPER,1,YES,2026-10-01T22:31:03.645006+00:00,836.4,42,2026-10-01T22:35:45.645049+00:00,554.4,66,,sold,21,34,206,-2150
KXBTC15M-26OCT011845-45,BTC,PAPER,2,NO,2026-10-01T22:36:45.644276+00:00,494.4,41,2026-10-01T22:43:02.644509+00:00,117.4,65,,sold,10,33,207,-1943
KXXRP15M-26OCT011845-45,XRP,PAPER,1,YES,2026-10-01T22:33:10.644324+00:00,709.4,42,,,0,no,settled,0,18,-438,-2381
KXDOGE15M-26OCT011845-45,DOGE,PAPER,1,YES,2026-10-01T22:32:44.643336+00:00,735.4,42,,,0,no,settled,1,18,-438,-2819
KXETH15M-26OCT011845-45,ETH,PAPER,2,NO,2026-10-01T22:36:39.645351+00:00,500.4,41,,,0,yes,settled,0,17,-427,-3246
KXWTI15M-26OCT011845-45,WTI,PAPER,1,YES,2026-10-01T22:31:04.644073+00:00,835.4,38,,,100,yes,settled,3,17,603,-2643
KXPLATINUM15M-26OCT011845-45,PLATINUM,PAPER,1,NO,2026-10-01T22:31:04.643499+00:00,835.4,42,,,0,yes,settled,0,18,-438,-3081
KXGOLD15M-26OCT011845-45,GOLD,PAPER,1,NO,2026-10-01T22:31:05.646472+00:00,834.4,42,,,0,yes,settled,0,18,-438,-3519
KXCOPPER15M-26OCT011845-45,COPPER,PAPER,1,NO,2026-10-01T22:31:00.336670+00:00,839.7,42,,,0,yes,settled,1,18,-438,-3957
KXPALLADIUM15M-26OCT011845-45,PALLADIUM,PAPER,1,NO,2026-10-01T22:31:00.336813+00:00,839.7,42,,,0,yes,settled,1,18,-438,-4395
KXSILVER15M-26OCT011845-45,SILVER,PAPER,1,NO,2026-10-01T22:31:02.644750+00:00,837.4,39,,,0,yes,settled,0,17,-407,-4802
KXCOPPER15M-26OCT011900-00,COPPER,PAPER,1,YES,2026-10-01T22:49:54.643700+00:00,605.4,42,2026-10-01T22:52:07.643083+00:00,472.4,65,,sold,36,34,196,-4606
KXXRP15M-26OCT011900-00,XRP,PAPER,1,YES,2026-10-01T22:52:33.644729+00:00,446.4,39,2026-10-01T22:52:58.643666+00:00,421.4,66,,sold,37,33,237,-4369
KXDOGE15M-26OCT011900-00,DOGE,PAPER,1,YES,2026-10-01T22:52:38.643999+00:00,441.4,38,2026-10-01T22:53:09.644239+00:00,410.4,65,,sold,34,33,237,-4132
KXBTC15M-26OCT011900-00,BTC,PAPER,1,YES,2026-10-01T22:46:11.644539+00:00,828.4,38,2026-10-01T22:53:09.644886+00:00,410.4,68,,sold,22,33,267,-3865
KXPALLADIUM15M-26OCT011900-00,PALLADIUM,PAPER,1,YES,2026-10-01T22:47:20.643776+00:00,759.4,41,2026-10-01T22:53:33.644116+00:00,386.4,67,,sold,18,33,227,-3638
KXETH15M-26OCT011900-00,ETH,PAPER,1,YES,2026-10-01T22:46:16.643130+00:00,823.4,39,2026-10-01T22:54:00.643592+00:00,359.4,65,,sold,6,33,227,-3411
KXSOL15M-26OCT011900-00,SOL,PAPER,1,YES,2026-10-01T22:53:10.643619+00:00,409.4,38,2026-10-01T22:54:20.644909+00:00,339.4,65,,sold,31,33,237,-3174
KXWTI15M-26OCT011900-00,WTI,PAPER,1,YES,2026-10-01T22:47:15.643246+00:00,764.4,42,2026-10-01T22:57:47.644981+00:00,132.4,65,,sold,15,34,196,-2978
KXPALLADIUM15M-26OCT011900-00,PALLADIUM,PAPER,2,NO,2026-10-01T22:53:57.644538+00:00,362.4,40,,,0,yes,settled,0,17,-417,-3395
KXGOLD15M-26OCT011900-00,GOLD,PAPER,1,NO,2026-10-01T22:46:00.355238+00:00,839.6,40,,,0,yes,settled,0,17,-417,-3812
KXSILVER15M-26OCT011900-00,SILVER,PAPER,1,NO,2026-10-01T22:47:18.643996+00:00,761.4,38,,,0,yes,settled,0,17,-397,-4209
KXGOLD15M-26OCT011915-15,GOLD,PAPER,1,YES,2026-10-01T23:01:00.480604+00:00,839.5,42,2026-10-01T23:10:44.644496+00:00,255.4,65,,sold,24,34,196,-4013
KXCOPPER15M-26OCT011915-15,COPPER,PAPER,1,YES,2026-10-01T23:02:25.644039+00:00,754.4,38,2026-10-01T23:11:16.643120+00:00,223.4,68,,sold,14,33,267,-3746
KXSILVER15M-26OCT011915-15,SILVER,PAPER,1,YES,2026-10-01T23:01:00.480716+00:00,839.5,41,2026-10-01T23:11:53.644681+00:00,186.4,65,,sold,10,33,207,-3539
KXPALLADIUM15M-26OCT011915-15,PALLADIUM,PAPER,1,YES,2026-10-01T23:01:00.480747+00:00,839.5,42,2026-10-01T23:12:19.644822+00:00,160.4,65,,sold,7,34,196,-3343
KXSOL15M-26OCT011915-15,SOL,PAPER,1,YES,2026-10-01T23:03:04.648016+00:00,715.4,38,,,0,no,settled,0,17,-397,-3740
KXBTC15M-26OCT011915-15,BTC,PAPER,1,YES,2026-10-01T23:03:13.645444+00:00,706.4,38,,,0,no,settled,0,17,-397,-4137
KXDOGE15M-26OCT011915-15,DOGE,PAPER,1,YES,2026-10-01T23:03:37.643629+00:00,682.4,39,,,0,no,settled,0,17,-407,-4544
KXETH15M-26OCT011915-15,ETH,PAPER,1,YES,2026-10-01T23:02:59.644736+00:00,720.4,41,,,0,no,settled,0,17,-427,-4971
KXWTI15M-26OCT011915-15,WTI,PAPER,1,YES,2026-10-01T23:05:03.644157+00:00,596.4,42,,,0,no,settled,0,18,-438,-5409
KXBTC15M-26OCT011930-30,BTC,PAPER,1,YES,2026-10-01T23:16:00.055817+00:00,839.9,38,2026-10-01T23:17:10.646462+00:00,769.4,65,,sold,37,33,237,-5172
KXETH15M-26OCT011930-30,ETH,PAPER,1,YES,2026-10-01T23:16:07.644915+00:00,832.4,39,2026-10-01T23:17:23.643804+00:00,756.4,65,,sold,38,33,227,-4945
KXGOLD15M-26OCT011930-30,GOLD,PAPER,1,YES,2026-10-01T23:17:54.644414+00:00,725.4,42,2026-10-01T23:19:19.644257+00:00,640.4,69,,sold,40,33,237,-4708
KXDOGE15M-26OCT011930-30,DOGE,PAPER,1,NO,2026-10-01T23:16:22.643055+00:00,817.4,41,,,0,yes,settled,0,17,-427,-5135
KXSOL15M-26OCT011930-30,SOL,PAPER,1,NO,2026-10-01T23:16:14.643891+00:00,825.4,42,,,0,yes,settled,0,18,-438,-5573
KXETH15M-26OCT011930-30,ETH,PAPER,2,NO,2026-10-01T23:18:01.643516+00:00,718.4,38,,,0,yes,settled,0,17,-397,-5970
KXXRP15M-26OCT011930-30,XRP,PAPER,1,NO,2026-10-01T23:16:26.644864+00:00,813.4,39,,,0,yes,settled,0,17,-407,-6377
KXSILVER15M-26OCT011930-30,SILVER,PAPER,1,NO,2026-10-01T23:16:29.644221+00:00,810.4,42,,,0,yes,settled,0,18,-438,-6815
KXWTI15M-26OCT011930-30,WTI,PAPER,1,NO,2026-10-01T23:16:28.644781+00:00,811.4,41,,,0,yes,settled,0,17,-427,-7242
KXCOPPER15M-26OCT011930-30,COPPER,PAPER,1,NO,2026-10-01T23:16:48.646803+00:00,791.4,39,,,0,yes,settled,0,17,-407,-7649
KXPLATINUM15M-26OCT011930-30,PLATINUM,PAPER,1,NO,2026-10-01T23:18:14.644689+00:00,705.4,40,,,0,yes,settled,0,17,-417,-8066
KXPALLADIUM15M-26OCT011930-30,PALLADIUM,PAPER,1,NO,2026-10-01T23:19:48.645821+00:00,611.4,38,,,0,yes,settled,1,17,-397,-8463
KXGOLD15M-26OCT011930-30,GOLD,PAPER,2,NO,2026-10-01T23:23:54.645007+00:00,365.4,38,,,0,yes,settled,0,17,-397,-8860
KXETH15M-26OCT011945-45,ETH,PAPER,1,YES,2026-10-01T23:31:00.399225+00:00,839.6,38,2026-10-01T23:32:13.644289+00:00,766.4,66,,sold,29,33,247,-8613
KXBTC15M-26OCT011945-45,BTC,PAPER,1,YES,2026-10-01T23:31:26.645220+00:00,813.4,38,2026-10-01T23:32:13.645115+00:00,766.4,67,,sold,37,33,257,-8356
KXXRP15M-26OCT011945-45,XRP,PAPER,1,YES,2026-10-01T23:31:00.399410+00:00,839.6,40,2026-10-01T23:33:22.644758+00:00,697.4,66,,sold,33,33,227,-8129
KXSOL15M-26OCT011945-45,SOL,PAPER,1,YES,2026-10-01T23:31:17.643757+00:00,822.4,38,2026-10-01T23:34:11.643967+00:00,648.4,65,,sold,33,33,237,-7892
KXDOGE15M-26OCT011945-45,DOGE,PAPER,1,YES,2026-10-01T23:31:28.644014+00:00,811.4,39,2026-10-01T23:34:11.645208+00:00,648.4,65,,sold,32,33,227,-7665
KXCOPPER15M-26OCT011945-45,COPPER,PAPER,1,YES,2026-10-01T23:31:19.648129+00:00,820.4,40,2026-10-01T23:34:14.645129+00:00,645.4,67,,sold,39,33,237,-7428
KXSILVER15M-26OCT011945-45,SILVER,PAPER,1,YES,2026-10-01T23:31:01.645151+00:00,838.4,42,2026-10-01T23:34:47.643957+00:00,612.4,65,,sold,18,34,196,-7232
KXSILVER15M-26OCT011945-45,SILVER,PAPER,2,NO,2026-10-01T23:35:00.644239+00:00,599.4,41,2026-10-01T23:37:07.644584+00:00,472.4,67,,sold,34,33,227,-7005
KXSOL15M-26OCT011945-45,SOL,PAPER,2,NO,2026-10-01T23:34:45.644826+00:00,614.4,42,2026-10-01T23:37:31.645721+00:00,448.4,65,,sold,20,34,196,-6809
KXCOPPER15M-26OCT011945-45,COPPER,PAPER,2,NO,2026-10-01T23:36:13.643384+00:00,526.4,38,2026-10-01T23:38:02.643518+00:00,417.4,65,,sold,25,33,237,-6572
KXGOLD15M-26OCT011945-45,GOLD,PAPER,1,NO,2026-10-01T23:31:00.399462+00:00,839.6,39,2026-10-01T23:38:41.646573+00:00,378.4,66,,sold,21,33,237,-6335
KXSOL15M-26OCT011945-45,SOL,PAPER,3,YES,2026-10-01T23:37:44.643926+00:00,435.4,42,2026-10-01T23:38:58.643516+00:00,361.4,71,,sold,34,33,257,-6078
KXETH15M-26OCT011945-45,ETH,PAPER,2,NO,2026-10-01T23:32:32.645067+00:00,747.4,39,,,0,yes,settled,0,17,-407,-6485
KXDOGE15M-26OCT011945-45,DOGE,PAPER,2,NO,2026-10-01T23:34:23.643663+00:00,636.4,38,,,0,yes,settled,0,17,-397,-6882
KXPLATINUM15M-26OCT011945-45,PLATINUM,PAPER,1,YES,2026-10-01T23:33:03.647368+00:00,716.4,41,,,0,no,settled,1,17,-427,-7309
KXPALLADIUM15M-26OCT011945-45,PALLADIUM,PAPER,1,YES,2026-10-01T23:39:10.644144+00:00,349.4,42,,,0,no,settled,0,18,-438,-7747
KXWTI15M-26OCT011945-45,WTI,PAPER,1,YES,2026-10-01T23:31:38.645098+00:00,801.4,38,,,0,no,settled,0,17,-397,-8144
KXCOPPER15M-26OCT011945-45,COPPER,PAPER,3,YES,2026-10-01T23:38:05.644933+00:00,414.4,41,,,0,no,settled,0,17,-427,-8571
KXPLATINUM15M-26OCT012000-00,PLATINUM,PAPER,1,YES,2026-10-01T23:46:00.102848+00:00,839.9,41,2026-10-01T23:46:59.643631+00:00,780.4,65,,sold,33,33,207,-8364
KXSILVER15M-26OCT012000-00,SILVER,PAPER,1,YES,2026-10-01T23:46:00.102659+00:00,839.9,42,2026-10-01T23:46:59.644985+00:00,780.4,67,,sold,35,34,216,-8148
KXGOLD15M-26OCT012000-00,GOLD,PAPER,1,YES,2026-10-01T23:46:02.644652+00:00,837.4,40,2026-10-01T23:49:28.645094+00:00,631.4,65,,sold,33,33,217,-7931
KXDOGE15M-26OCT012000-00,DOGE,PAPER,1,YES,2026-10-01T23:49:34.644596+00:00,625.4,42,2026-10-01T23:50:13.643647+00:00,586.4,67,,sold,41,34,216,-7715
KXXRP15M-26OCT012000-00,XRP,PAPER,1,YES,2026-10-01T23:49:31.643650+00:00,628.4,42,2026-10-01T23:50:13.644279+00:00,586.4,65,,sold,40,34,196,-7519
KXXRP15M-26OCT012000-00,XRP,PAPER,2,NO,2026-10-01T23:50:30.645148+00:00,569.4,38,2026-10-01T23:52:54.645843+00:00,425.4,65,,sold,27,33,237,-7282
KXXRP15M-26OCT012000-00,XRP,PAPER,3,YES,2026-10-01T23:52:55.643710+00:00,424.4,38,2026-10-01T23:53:28.644517+00:00,391.4,67,,sold,37,33,257,-7025
KXETH15M-26OCT012000-00,ETH,PAPER,1,YES,2026-10-01T23:49:40.644670+00:00,619.4,40,2026-10-01T23:53:31.644141+00:00,388.4,70,,sold,24,32,268,-6757
KXWTI15M-26OCT012000-00,WTI,PAPER,1,YES,2026-10-01T23:46:02.645014+00:00,837.4,40,2026-10-01T23:55:52.643877+00:00,247.4,74,,sold,15,31,309,-6448
KXSOL15M-26OCT012000-00,SOL,PAPER,1,YES,2026-10-01T23:50:01.644776+00:00,598.4,38,2026-10-01T23:57:51.644211+00:00,128.4,65,,sold,26,33,237,-6211
KXBTC15M-26OCT012000-00,BTC,PAPER,1,YES,2026-10-01T23:49:36.647025+00:00,623.4,39,2026-10-01T23:58:01.644370+00:00,118.4,70,,sold,25,32,278,-5933
KXXRP15M-26OCT012000-00,XRP,PAPER,4,NO,2026-10-01T23:54:39.644150+00:00,320.4,38,,,0,yes,settled,0,17,-397,-6330
KXPLATINUM15M-26OCT012000-00,PLATINUM,PAPER,2,NO,2026-10-01T23:47:43.643674+00:00,736.4,39,,,0,yes,settled,0,17,-407,-6737
KXETH15M-26OCT012000-00,ETH,PAPER,2,NO,2026-10-01T23:53:51.644302+00:00,368.4,40,,,0,yes,settled,0,17,-417,-7154
KXDOGE15M-26OCT012000-00,DOGE,PAPER,2,NO,2026-10-01T23:51:41.644126+00:00,498.4,42,,,0,yes,settled,0,18,-438,-7592
KXSILVER15M-26OCT012000-00,SILVER,PAPER,2,NO,2026-10-01T23:47:01.650188+00:00,778.3,39,,,0,yes,settled,0,17,-407,-7999
KXCOPPER15M-26OCT012000-00,COPPER,PAPER,1,NO,2026-10-01T23:46:22.644999+00:00,817.4,42,,,0,yes,settled,0,18,-438,-8437
KXPLATINUM15M-26OCT012015-15,PLATINUM,PAPER,1,NO,2026-10-02T00:01:02.643745+00:00,837.4,41,2026-10-02T00:03:24.645642+00:00,695.4,65,,sold,36,33,207,-8230
KXPALLADIUM15M-26OCT012015-15,PALLADIUM,PAPER,1,NO,2026-10-02T00:01:01.645028+00:00,838.4,38,2026-10-02T00:03:41.643221+00:00,678.4,65,,sold,23,33,237,-7993
KXXRP15M-26OCT012015-15,XRP,PAPER,1,NO,2026-10-02T00:01:50.644341+00:00,789.4,39,2026-10-02T00:04:32.644187+00:00,627.4,67,,sold,32,33,247,-7746
KXCOPPER15M-26OCT012015-15,COPPER,PAPER,1,NO,2026-10-02T00:01:00.644552+00:00,839.4,39,2026-10-02T00:04:34.643381+00:00,625.4,68,,sold,33,33,257,-7489
KXXRP15M-26OCT012015-15,XRP,PAPER,2,YES,2026-10-02T00:05:00.646467+00:00,599.4,40,2026-10-02T00:05:58.643874+00:00,541.4,68,,sold,34,33,247,-7242
KXSOL15M-26OCT012015-15,SOL,PAPER,1,YES,2026-10-02T00:01:21.643900+00:00,818.4,41,2026-10-02T00:06:24.644126+00:00,515.4,65,,sold,18,33,207,-7035
KXSOL15M-26OCT012015-15,SOL,PAPER,2,NO,2026-10-02T00:06:25.647974+00:00,514.4,42,2026-10-02T00:07:53.644470+00:00,426.4,65,,sold,32,34,196,-6839
KXXRP15M-26OCT012015-15,XRP,PAPER,3,NO,2026-10-02T00:06:32.647018+00:00,507.4,40,2026-10-02T00:08:28.644258+00:00,391.4,65,,sold,30,33,217,-6622
KXWTI15M-26OCT012015-15,WTI,PAPER,1,YES,2026-10-02T00:01:14.645240+00:00,825.4,41,2026-10-02T00:10:03.645159+00:00,296.4,67,,sold,29,33,227,-6395
KXXRP15M-26OCT012015-15,XRP,PAPER,4,YES,2026-10-02T00:08:37.644580+00:00,382.4,38,2026-10-02T00:10:10.646252+00:00,289.4,65,,sold,26,33,237,-6158
KXSOL15M-26OCT012015-15,SOL,PAPER,3,YES,2026-10-02T00:08:08.644211+00:00,411.4,39,2026-10-02T00:10:43.645513+00:00,256.4,68,,sold,18,33,257,-5901
KXCOPPER15M-26OCT012015-15,COPPER,PAPER,2,YES,2026-10-02T00:04:54.642818+00:00,605.4,39,,,0,no,settled,0,17,-407,-6308
KXSILVER15M-26OCT012015-15,SILVER,PAPER,1,YES,2026-10-02T00:01:03.644830+00:00,836.4,41,,,0,no,settled,0,17,-427,-6735
KXPALLADIUM15M-26OCT012015-15,PALLADIUM,PAPER,2,YES,2026-10-02T00:04:03.643379+00:00,656.4,42,,,0,no,settled,0,18,-438,-7173
KXGOLD15M-26OCT012015-15,GOLD,PAPER,1,YES,2026-10-02T00:01:43.644377+00:00,796.4,42,,,0,no,settled,0,18,-438,-7611
KXBTC15M-26OCT012030-30,BTC,PAPER,1,NO,2026-10-02T00:16:00.155671+00:00,839.8,42,2026-10-02T00:16:40.644651+00:00,799.4,66,,sold,37,34,206,-7405
KXETH15M-26OCT012030-30,ETH,PAPER,1,NO,2026-10-02T00:16:13.644705+00:00,826.4,38,2026-10-02T00:16:43.645649+00:00,796.4,65,,sold,37,33,237,-7168
KXWTI15M-26OCT012030-30,WTI,PAPER,1,YES,2026-10-02T00:16:10.648652+00:00,829.4,41,2026-10-02T00:16:51.646286+00:00,788.4,65,,sold,40,33,207,-6961
KXETH15M-26OCT012030-30,ETH,PAPER,2,YES,2026-10-02T00:16:59.644408+00:00,780.4,38,2026-10-02T00:18:36.644819+00:00,683.4,66,,sold,36,33,247,-6714
KXGOLD15M-26OCT012030-30,GOLD,PAPER,1,NO,2026-10-02T00:16:00.644984+00:00,839.4,38,2026-10-02T00:19:11.644822+00:00,648.4,66,,sold,35,33,247,-6467
KXPALLADIUM15M-26OCT012030-30,PALLADIUM,PAPER,1,NO,2026-10-02T00:18:06.644119+00:00,713.4,38,2026-10-02T00:24:56.646603+00:00,303.4,67,,sold,16,33,257,-6210
KXSILVER15M-26OCT012030-30,SILVER,PAPER,1,NO,2026-10-02T00:16:00.155902+00:00,839.8,40,2026-10-02T00:25:48.646107+00:00,251.4,65,,sold,17,33,217,-5993
KXPLATINUM15M-26OCT012030-30,PLATINUM,PAPER,1,NO,2026-10-02T00:17:15.644016+00:00,764.4,41,2026-10-02T00:26:37.645090+00:00,202.4,67,,sold,12,33,227,-5766
KXCOPPER15M-26OCT012030-30,COPPER,PAPER,1,NO,2026-10-02T00:16:27.646422+00:00,812.4,38,2026-10-02T00:26:46.648215+00:00,193.4,67,,sold,16,33,257,-5509
KXETH15M-26OCT012030-30,ETH,PAPER,3,NO,2026-10-02T00:18:40.652454+00:00,679.3,38,2026-10-02T00:27:23.644465+00:00,156.4,65,,sold,16,33,237,-5272
KXXRP15M-26OCT012030-30,XRP,PAPER,1,NO,2026-10-02T00:16:27.644580+00:00,812.4,40,2026-10-02T00:28:37.644909+00:00,82.4,65,,sold,8,33,217,-5055
KXSOL15M-26OCT012030-30,SOL,PAPER,1,NO,2026-10-02T00:16:17.643987+00:00,822.4,38,,,0,yes,settled,0,17,-397,-5452
KXDOGE15M-26OCT012030-30,DOGE,PAPER,1,NO,2026-10-02T00:16:20.644095+00:00,819.4,38,,,0,yes,settled,0,17,-397,-5849
KXBTC15M-26OCT012030-30,BTC,PAPER,2,YES,2026-10-02T00:17:15.645060+00:00,764.4,38,,,0,no,settled,0,17,-397,-6246
KXGOLD15M-26OCT012030-30,GOLD,PAPER,2,YES,2026-10-02T00:19:14.645002+00:00,645.4,38,,,0,no,settled,0,17,-397,-6643
KXWTI15M-26OCT012030-30,WTI,PAPER,2,NO,2026-10-02T00:17:37.644937+00:00,742.4,38,,,0,yes,settled,0,17,-397,-7040
KXGOLD15M-26OCT012045-45,GOLD,PAPER,1,YES,2026-10-02T00:31:00.417662+00:00,839.6,39,2026-10-02T00:33:15.645427+00:00,704.4,65,,sold,15,33,227,-6813
KXGOLD15M-26OCT012045-45,GOLD,PAPER,2,NO,2026-10-02T00:33:22.651212+00:00,697.3,40,2026-10-02T00:35:09.644944+00:00,590.4,66,,sold,39,33,227,-6586
KXBTC15M-26OCT012045-45,BTC,PAPER,1,YES,2026-10-02T00:31:13.644837+00:00,826.4,38,2026-10-02T00:40:32.646995+00:00,267.4,65,,sold,6,33,237,-6349
KXPLATINUM15M-26OCT012045-45,PLATINUM,PAPER,1,YES,2026-10-02T00:31:09.644284+00:00,830.4,38,2026-10-02T00:42:43.643921+00:00,136.4,65,,sold,12,33,237,-6112
KXETH15M-26OCT012045-45,ETH,PAPER,1,YES,2026-10-02T00:36:54.644989+00:00,485.4,40,2026-10-02T00:43:49.644146+00:00,70.4,67,,sold,3,33,237,-5875
KXSOL15M-26OCT012045-45,SOL,PAPER,1,YES,2026-10-02T00:31:14.644749+00:00,825.4,38,2026-10-02T00:43:49.644823+00:00,70.4,82,,sold,2,28,412,-5463
KXCOPPER15M-26OCT012045-45,COPPER,PAPER,1,YES,2026-10-02T00:33:16.644248+00:00,703.4,38,,,0,no,settled,1,17,-397,-5860
KXGOLD15M-26OCT012045-45,GOLD,PAPER,3,YES,2026-10-02T00:35:37.643857+00:00,562.4,38,,,0,no,settled,0,17,-397,-6257
KXWTI15M-26OCT012045-45,WTI,PAPER,1,NO,2026-10-02T00:31:12.644587+00:00,827.4,42,,,0,yes,settled,0,18,-438,-6695
KXSILVER15M-26OCT012045-45,SILVER,PAPER,1,YES,2026-10-02T00:31:00.418027+00:00,839.6,42,,,0,no,settled,0,18,-438,-7133
KXPALLADIUM15M-26OCT012045-45,PALLADIUM,PAPER,1,YES,2026-10-02T00:33:16.643618+00:00,703.4,41,,,0,no,settled,1,17,-427,-7560
KXDOGE15M-26OCT012100-00,DOGE,PAPER,1,YES,2026-10-02T00:46:00.479368+00:00,839.5,40,2026-10-02T00:47:38.644299+00:00,741.4,66,,sold,34,33,227,-7333
KXCOPPER15M-26OCT012100-00,COPPER,PAPER,1,YES,2026-10-02T00:46:45.643752+00:00,794.4,41,2026-10-02T00:48:04.644254+00:00,715.4,67,,sold,37,33,227,-7106
KXGOLD15M-26OCT012100-00,GOLD,PAPER,1,YES,2026-10-02T00:46:20.644908+00:00,819.4,42,2026-10-02T00:48:05.644631+00:00,714.4,65,,sold,33,34,196,-6910
KXXRP15M-26OCT012100-00,XRP,PAPER,1,YES,2026-10-02T00:46:29.644584+00:00,810.4,39,2026-10-02T00:48:40.643826+00:00,679.4,65,,sold,37,33,227,-6683
KXGOLD15M-26OCT012100-00,GOLD,PAPER,2,NO,2026-10-02T00:49:19.643460+00:00,640.4,41,2026-10-02T00:51:56.646298+00:00,483.4,65,,sold,36,33,207,-6476
KXCOPPER15M-26OCT012100-00,COPPER,PAPER,2,NO,2026-10-02T00:49:31.649206+00:00,628.4,38,2026-10-02T00:52:05.644474+00:00,474.4,68,,sold,35,33,267,-6209
KXXRP15M-26OCT012100-00,XRP,PAPER,2,NO,2026-10-02T00:49:15.644046+00:00,644.4,38,2026-10-02T00:52:46.644676+00:00,433.4,66,,sold,34,33,247,-5962
KXETH15M-26OCT012100-00,ETH,PAPER,1,YES,2026-10-02T00:47:09.645048+00:00,770.4,38,2026-10-02T00:53:01.643778+00:00,418.4,66,,sold,29,33,247,-5715
KXDOGE15M-26OCT012100-00,DOGE,PAPER,2,NO,2026-10-02T00:50:05.643812+00:00,594.4,39,2026-10-02T00:53:10.644028+00:00,409.4,65,,sold,34,33,227,-5488
KXCOPPER15M-26OCT012100-00,COPPER,PAPER,3,YES,2026-10-02T00:52:18.644590+00:00,461.4,39,2026-10-02T00:55:08.644893+00:00,291.4,69,,sold,36,32,268,-5220
KXWTI15M-26OCT012100-00,WTI,PAPER,1,YES,2026-10-02T00:46:00.479205+00:00,839.5,41,2026-10-02T00:56:16.643151+00:00,223.4,71,,sold,26,32,268,-4952
KXSOL15M-26OCT012100-00,SOL,PAPER,1,NO,2026-10-02T00:46:42.649613+00:00,797.4,42,2026-10-02T00:56:18.645102+00:00,221.4,65,,sold,14,34,196,-4756
KXETH15M-26OCT012100-00,ETH,PAPER,2,NO,2026-10-02T00:53:06.646161+00:00,413.4,39,,,0,yes,settled,0,17,-407,-5163
KXDOGE15M-26OCT012100-00,DOGE,PAPER,3,YES,2026-10-02T00:53:32.644644+00:00,387.4,39,,,0,no,settled,0,17,-407,-5570
KXGOLD15M-26OCT012100-00,GOLD,PAPER,3,YES,2026-10-02T00:52:18.645052+00:00,461.4,39,,,0,no,settled,0,17,-407,-5977
KXPLATINUM15M-26OCT012100-00,PLATINUM,PAPER,1,YES,2026-10-02T00:47:15.646538+00:00,764.4,38,,,0,no,settled,0,17,-397,-6374
KXPALLADIUM15M-26OCT012100-00,PALLADIUM,PAPER,1,YES,2026-10-02T00:46:32.644060+00:00,807.4,42,,,0,no,settled,0,18,-438,-6812
KXSILVER15M-26OCT012100-00,SILVER,PAPER,1,YES,2026-10-02T00:48:02.644449+00:00,717.4,39,,,0,no,settled,0,17,-407,-7219
KXGOLD15M-26OCT012115-15,GOLD,PAPER,1,NO,2026-10-02T01:01:24.644944+00:00,815.4,42,2026-10-02T01:02:19.644974+00:00,760.4,65,,sold,40,34,196,-7023
KXSILVER15M-26OCT012115-15,SILVER,PAPER,1,NO,2026-10-02T01:01:09.645323+00:00,830.4,40,2026-10-02T01:03:20.644924+00:00,699.4,65,,sold,29,33,217,-6806
KXDOGE15M-26OCT012115-15,DOGE,PAPER,1,YES,2026-10-02T01:01:15.644475+00:00,824.4,40,,,0,no,settled,0,17,-417,-7223
KXSOL15M-26OCT012115-15,SOL,PAPER,1,YES,2026-10-02T01:01:00.190279+00:00,839.8,38,,,0,no,settled,0,17,-397,-7620
KXBTC15M-26OCT012115-15,BTC,PAPER,1,YES,2026-10-02T01:01:00.190310+00:00,839.8,38,,,0,no,settled,0,17,-397,-8017
KXETH15M-26OCT012115-15,ETH,PAPER,1,YES,2026-10-02T01:01:00.190036+00:00,839.8,40,,,0,no,settled,0,17,-417,-8434
KXXRP15M-26OCT012115-15,XRP,PAPER,1,YES,2026-10-02T01:01:00.190330+00:00,839.8,38,,,0,no,settled,0,17,-397,-8831
KXSILVER15M-26OCT012115-15,SILVER,PAPER,2,YES,2026-10-02T01:03:23.643935+00:00,696.4,38,,,0,no,settled,0,17,-397,-9228
KXPALLADIUM15M-26OCT012115-15,PALLADIUM,PAPER,1,YES,2026-10-02T01:01:00.190233+00:00,839.8,42,,,0,no,settled,0,18,-438,-9666
KXPLATINUM15M-26OCT012115-15,PLATINUM,PAPER,1,YES,2026-10-02T01:02:48.643650+00:00,731.4,39,,,0,no,settled,0,17,-407,-10073
KXCOPPER15M-26OCT012115-15,COPPER,PAPER,1,YES,2026-10-02T01:01:05.645599+00:00,834.4,42,,,0,no,settled,0,18,-438,-10511
KXDOGE15M-26OCT012130-30,DOGE,PAPER,1,YES,2026-10-02T01:16:19.644288+00:00,820.4,38,2026-10-02T01:16:50.648250+00:00,789.4,66,,sold,31,33,247,-10264
KXWTI15M-26OCT012130-30,WTI,PAPER,1,YES,2026-10-02T01:16:00.492781+00:00,839.5,41,2026-10-02T01:17:01.644010+00:00,778.4,65,,sold,41,33,207,-10057
KXBTC15M-26OCT012130-30,BTC,PAPER,1,YES,2026-10-02T01:16:11.646807+00:00,828.4,42,2026-10-02T01:17:23.645212+00:00,756.4,66,,sold,41,34,206,-9851
KXBTC15M-26OCT012130-30,BTC,PAPER,2,NO,2026-10-02T01:17:41.645190+00:00,738.4,38,2026-10-02T01:19:25.644896+00:00,634.4,65,,sold,35,33,237,-9614
KXSOL15M-26OCT012130-30,SOL,PAPER,1,NO,2026-10-02T01:17:46.644813+00:00,733.4,41,2026-10-02T01:19:46.646045+00:00,613.4,65,,sold,37,33,207,-9407
KXDOGE15M-26OCT012130-30,DOGE,PAPER,2,NO,2026-10-02T01:18:15.652088+00:00,704.3,39,2026-10-02T01:20:01.644381+00:00,598.4,66,,sold,37,33,237,-9170
KXXRP15M-26OCT012130-30,XRP,PAPER,1,NO,2026-10-02T01:18:30.648468+00:00,689.4,42,2026-10-02T01:20:29.645829+00:00,570.4,69,,sold,34,33,237,-8933
KXETH15M-26OCT012130-30,ETH,PAPER,1,NO,2026-10-02T01:16:46.649615+00:00,793.4,38,2026-10-02T01:20:34.645365+00:00,565.4,68,,sold,17,33,267,-8666
KXSILVER15M-26OCT012130-30,SILVER,PAPER,1,NO,2026-10-02T01:18:05.646372+00:00,714.4,38,2026-10-02T01:22:10.645671+00:00,469.4,72,,sold,33,32,308,-8358
KXSILVER15M-26OCT012130-30,SILVER,PAPER,2,YES,2026-10-02T01:22:47.645019+00:00,432.4,39,2026-10-02T01:24:51.651287+00:00,308.3,67,,sold,27,33,247,-8111
KXXRP15M-26OCT012130-30,XRP,PAPER,2,YES,2026-10-02T01:23:35.643716+00:00,384.4,38,2026-10-02T01:24:51.654405+00:00,308.3,70,,sold,30,32,288,-7823
KXSOL15M-26OCT012130-30,SOL,PAPER,2,YES,2026-10-02T01:24:46.645537+00:00,313.4,40,2026-10-02T01:24:53.644402+00:00,306.4,66,,sold,39,33,227,-7596
KXSOL15M-26OCT012130-30,SOL,PAPER,3,NO,2026-10-02T01:24:57.644734+00:00,302.4,40,2026-10-02T01:25:47.644648+00:00,252.4,65,,sold,21,33,217,-7379
KXPALLADIUM15M-26OCT012130-30,PALLADIUM,PAPER,1,YES,2026-10-02T01:20:26.644027+00:00,573.4,41,2026-10-02T01:29:36.644387+00:00,23.4,69,,sold,15,32,248,-7131
KXPLATINUM15M-26OCT012130-30,PLATINUM,PAPER,1,YES,2026-10-02T01:18:29.643810+00:00,690.4,40,2026-10-02T01:29:36.645732+00:00,23.4,67,,sold,7,33,237,-6894
KXBTC15M-26OCT012130-30,BTC,PAPER,3,YES,2026-10-02T01:19:43.646292+00:00,616.4,41,,,0,no,settled,2,17,-427,-7321
KXGOLD15M-26OCT012130-30,GOLD,PAPER,1,NO,2026-10-02T01:16:46.650508+00:00,793.3,40,,,0,yes,settled,1,17,-417,-7738
KXCOPPER15M-26OCT012130-30,COPPER,PAPER,1,YES,2026-10-02T01:16:00.493043+00:00,839.5,41,,,0,no,settled,0,17,-427,-8165
KXSOL15M-26OCT012145-45,SOL,PAPER,1,NO,2026-10-02T01:31:07.643232+00:00,832.4,42,2026-10-02T01:35:02.646379+00:00,597.4,65,,sold,30,34,196,-7969
KXXRP15M-26OCT012145-45,XRP,PAPER,1,NO,2026-10-02T01:31:06.644648+00:00,833.4,42,2026-10-02T01:35:28.643470+00:00,571.4,66,,sold,22,34,206,-7763
KXGOLD15M-26OCT012145-45,GOLD,PAPER,1,YES,2026-10-02T01:33:36.644027+00:00,683.4,38,2026-10-02T01:40:35.644144+00:00,264.4,71,,sold,21,32,298,-7465
KXDOGE15M-26OCT012145-45,DOGE,PAPER,1,NO,2026-10-02T01:31:00.645440+00:00,839.4,41,2026-10-02T01:41:26.645077+00:00,213.4,65,,sold,16,33,207,-7258
KXBTC15M-26OCT012145-45,BTC,PAPER,1,NO,2026-10-02T01:32:16.646036+00:00,763.4,41,2026-10-02T01:41:48.644944+00:00,191.4,70,,sold,25,32,258,-7000
KXWTI15M-26OCT012145-45,WTI,PAPER,1,YES,2026-10-02T01:31:52.645106+00:00,787.4,42,2026-10-02T01:43:04.643745+00:00,115.4,65,,sold,16,34,196,-6804
KXETH15M-26OCT012145-45,ETH,PAPER,1,NO,2026-10-02T01:31:03.643398+00:00,836.4,42,2026-10-02T01:44:32.646439+00:00,27.4,68,,sold,18,34,226,-6578
KXSOL15M-26OCT012145-45,SOL,PAPER,2,YES,2026-10-02T01:35:44.650503+00:00,555.3,38,,,0,no,settled,0,17,-397,-6975
KXXRP15M-26OCT012145-45,XRP,PAPER,2,YES,2026-10-02T01:35:46.646610+00:00,553.4,38,,,0,no,settled,0,17,-397,-7372
KXSILVER15M-26OCT012145-45,SILVER,PAPER,1,YES,2026-10-02T01:31:05.645542+00:00,834.4,39,,,0,no,settled,0,17,-407,-7779
KXPLATINUM15M-26OCT012145-45,PLATINUM,PAPER,1,YES,2026-10-02T01:31:02.645038+00:00,837.4,40,,,0,no,settled,0,17,-417,-8196
KXPALLADIUM15M-26OCT012145-45,PALLADIUM,PAPER,1,YES,2026-10-02T01:31:00.261903+00:00,839.7,42,,,0,no,settled,0,18,-438,-8634
KXSILVER15M-26OCT012200-00,SILVER,PAPER,1,YES,2026-10-02T01:47:15.645420+00:00,764.4,40,2026-10-02T01:48:05.644705+00:00,714.4,65,,sold,37,33,217,-8417
KXWTI15M-26OCT012200-00,WTI,PAPER,1,YES,2026-10-02T01:48:11.644685+00:00,708.4,40,2026-10-02T01:52:36.645860+00:00,443.4,69,,sold,37,32,258,-8159
KXGOLD15M-26OCT012200-00,GOLD,PAPER,1,YES,2026-10-02T01:46:00.260090+00:00,839.7,41,2026-10-02T01:57:12.644213+00:00,167.4,65,,sold,12,33,207,-7952
KXXRP15M-26OCT012200-00,XRP,PAPER,1,NO,2026-10-02T01:46:00.645611+00:00,839.4,42,,,0,yes,settled,0,18,-438,-8390
KXDOGE15M-26OCT012200-00,DOGE,PAPER,1,NO,2026-10-02T01:46:03.644378+00:00,836.4,41,,,0,yes,settled,0,17,-427,-8817
KXETH15M-26OCT012200-00,ETH,PAPER,1,NO,2026-10-02T01:46:06.644100+00:00,833.4,41,,,0,yes,settled,0,17,-427,-9244
KXBTC15M-26OCT012200-00,BTC,PAPER,1,NO,2026-10-02T01:46:02.646312+00:00,837.4,41,,,0,yes,settled,0,17,-427,-9671
KXSOL15M-26OCT012200-00,SOL,PAPER,1,NO,2026-10-02T01:46:02.645939+00:00,837.4,40,,,0,yes,settled,0,17,-417,-10088
KXCOPPER15M-26OCT012200-00,COPPER,PAPER,1,NO,2026-10-02T01:46:20.645160+00:00,819.4,42,,,0,yes,settled,0,18,-438,-10526
KXPLATINUM15M-26OCT012200-00,PLATINUM,PAPER,1,NO,2026-10-02T01:47:35.647830+00:00,744.4,42,,,0,yes,settled,0,18,-438,-10964
KXPALLADIUM15M-26OCT012200-00,PALLADIUM,PAPER,1,NO,2026-10-02T01:46:23.644928+00:00,816.4,42,,,0,yes,settled,0,18,-438,-11402
KXXRP15M-26OCT012215-15,XRP,PAPER,1,YES,2026-10-02T02:01:02.645020+00:00,837.4,42,2026-10-02T02:03:07.644741+00:00,712.4,65,,sold,41,34,196,-11206
KXBTC15M-26OCT012215-15,BTC,PAPER,1,YES,2026-10-02T02:01:01.645087+00:00,838.4,40,2026-10-02T02:03:10.645174+00:00,709.4,66,,sold,39,33,227,-10979
KXWTI15M-26OCT012215-15,WTI,PAPER,1,NO,2026-10-02T02:01:05.645475+00:00,834.4,40,2026-10-02T02:04:34.648292+00:00,625.4,72,,sold,23,32,288,-10691
KXPLATINUM15M-26OCT012215-15,PLATINUM,PAPER,1,YES,2026-10-02T02:01:13.647203+00:00,826.4,40,2026-10-02T02:04:40.645047+00:00,619.4,65,,sold,35,33,217,-10474
KXSILVER15M-26OCT012215-15,SILVER,PAPER,1,YES,2026-10-02T02:02:13.644006+00:00,766.4,41,2026-10-02T02:04:41.644686+00:00,618.4,65,,sold,36,33,207,-10267
KXGOLD15M-26OCT012215-15,GOLD,PAPER,1,YES,2026-10-02T02:01:47.645256+00:00,792.4,38,2026-10-02T02:04:42.645245+00:00,617.4,69,,sold,31,32,278,-9989
KXDOGE15M-26OCT012215-15,DOGE,PAPER,1,YES,2026-10-02T02:01:02.643526+00:00,837.4,41,2026-10-02T02:04:45.645022+00:00,614.4,65,,sold,37,33,207,-9782
KXPALLADIUM15M-26OCT012215-15,PALLADIUM,PAPER,1,YES,2026-10-02T02:01:03.643217+00:00,836.4,42,2026-10-02T02:04:56.649696+00:00,603.4,66,,sold,37,34,206,-9576
KXETH15M-26OCT012215-15,ETH,PAPER,1,YES,2026-10-02T02:01:00.109892+00:00,839.9,40,2026-10-02T02:05:27.651098+00:00,572.3,65,,sold,24,33,217,-9359
KXSOL15M-26OCT012215-15,SOL,PAPER,1,YES,2026-10-02T02:01:00.109692+00:00,839.9,38,2026-10-02T02:05:28.645453+00:00,571.4,65,,sold,24,33,237,-9122
